1259;170;CoccinelleProd
1261;170;CoccinelleProd
1265;170;CoccinelleProd
1537;170;CoccinelleProd
1642;170;CoccinelleProd
2018;170;CoccinelleProd
2054;170;CoccinelleProd
1048;76;CENTRALE
1093;76;CENTRALE
1112;76;CENTRALE
1117;76;CENTRALE
1135;76;CENTRALE
1372;76;CENTRALE
1422;76;CENTRALE
1470;76;CENTRALE
1538;76;CENTRALE
1549;76;CENTRALE
1596;76;CENTRALE
178;76;CENTRALE
1797;76;CENTRALE
2032;76;CENTRALE
502;76;CENTRALE
503;76;CENTRALE
514;76;CENTRALE
515;76;CENTRALE
1230;78;COMPTABILITE
1251;78;COMPTABILITE
1506;78;COMPTABILITE
1583;78;COMPTABILITE
1671;78;COMPTABILITE
1710;78;COMPTABILITE
1722;78;COMPTABILITE
1888;78;COMPTABILITE
1925;78;COMPTABILITE
1945;78;COMPTABILITE
2023;78;COMPTABILITE
2031;78;COMPTABILITE
2052;78;COMPTABILITE
2063;78;COMPTABILITE
2078;78;COMPTABILITE
847;78;COMPTABILITE
1401;81;DIRECTION
957;81;DIRECTION
1056;85;SAV_GAMM_AGRI
1066;85;SAV_GAMM_AGRI
1123;85;SAV_GAMM_AGRI
1126;85;SAV_GAMM_AGRI
1149;85;SAV_GAMM_AGRI
1351;85;SAV_GAMM_AGRI
1498;85;SAV_GAMM_AGRI
1621;85;SAV_GAMM_AGRI
1685;85;SAV_GAMM_AGRI
1756;85;SAV_GAMM_AGRI
1758;85;SAV_GAMM_AGRI
1767;85;SAV_GAMM_AGRI
1816;85;SAV_GAMM_AGRI
1824;85;SAV_GAMM_AGRI
1832;85;SAV_GAMM_AGRI
1843;85;SAV_GAMM_AGRI
1861;85;SAV_GAMM_AGRI
1864;85;SAV_GAMM_AGRI
1914;85;SAV_GAMM_AGRI
1983;85;SAV_GAMM_AGRI
1998;85;SAV_GAMM_AGRI
2014;85;SAV_GAMM_AGRI
2077;85;SAV_GAMM_AGRI
2079;85;SAV_GAMM_AGRI
2086;85;SAV_GAMM_AGRI
21;85;SAV_GAMM_AGRI
24;85;SAV_GAMM_AGRI
45;85;SAV_GAMM_AGRI
854;85;SAV_GAMM_AGRI
859;85;SAV_GAMM_AGRI
862;85;SAV_GAMM_AGRI
923;85;SAV_GAMM_AGRI
932;85;SAV_GAMM_AGRI
962;85;SAV_GAMM_AGRI
973;85;SAV_GAMM_AGRI
1024;86;Gamm Vert des Avirons
1033;86;Gamm Vert des Avirons
1076;86;Gamm Vert des Avirons
1082;86;Gamm Vert des Avirons
1085;86;Gamm Vert des Avirons
1133;86;Gamm Vert des Avirons
1156;86;Gamm Vert des Avirons
1529;86;Gamm Vert des Avirons
1612;86;Gamm Vert des Avirons
1618;86;Gamm Vert des Avirons
1673;86;Gamm Vert des Avirons
1682;86;Gamm Vert des Avirons
1692;86;Gamm Vert des Avirons
17;86;Gamm Vert des Avirons
1763;86;Gamm Vert des Avirons
1785;86;Gamm Vert des Avirons
1873;86;Gamm Vert des Avirons
1880;86;Gamm Vert des Avirons
1934;86;Gamm Vert des Avirons
1986;86;Gamm Vert des Avirons
2021;86;Gamm Vert des Avirons
2037;86;Gamm Vert des Avirons
2057;86;Gamm Vert des Avirons
231;86;Gamm Vert des Avirons
27;86;Gamm Vert des Avirons
883;86;Gamm Vert des Avirons
956;86;Gamm Vert des Avirons
1001;88;Gamm Vert de Saint Paul
1080;88;Gamm Vert de Saint Paul
1132;88;Gamm Vert de Saint Paul
1192;88;Gamm Vert de Saint Paul
1318;88;Gamm Vert de Saint Paul
1343;88;Gamm Vert de Saint Paul
1349;88;Gamm Vert de Saint Paul
1398;88;Gamm Vert de Saint Paul
1453;88;Gamm Vert de Saint Paul
1488;88;Gamm Vert de Saint Paul
1489;88;Gamm Vert de Saint Paul
1515;88;Gamm Vert de Saint Paul
1601;88;Gamm Vert de Saint Paul
1762;88;Gamm Vert de Saint Paul
1779;88;Gamm Vert de Saint Paul
1822;88;Gamm Vert de Saint Paul
1869;88;Gamm Vert de Saint Paul
1878;88;Gamm Vert de Saint Paul
1885;88;Gamm Vert de Saint Paul
1887;88;Gamm Vert de Saint Paul
1895;88;Gamm Vert de Saint Paul
1911;88;Gamm Vert de Saint Paul
1935;88;Gamm Vert de Saint Paul
1951;88;Gamm Vert de Saint Paul
1962;88;Gamm Vert de Saint Paul
1963;88;Gamm Vert de Saint Paul
1976;88;Gamm Vert de Saint Paul
1989;88;Gamm Vert de Saint Paul
2005;88;Gamm Vert de Saint Paul
2012;88;Gamm Vert de Saint Paul
2017;88;Gamm Vert de Saint Paul
2030;88;Gamm Vert de Saint Paul
2048;88;Gamm Vert de Saint Paul
2049;88;Gamm Vert de Saint Paul
2051;88;Gamm Vert de Saint Paul
2073;88;Gamm Vert de Saint Paul
809;88;Gamm Vert de Saint Paul
855;88;Gamm Vert de Saint Paul
879;88;Gamm Vert de Saint Paul
1025;89;Gamm Vert de Saint Pierre
1040;89;Gamm Vert de Saint Pierre
1041;89;Gamm Vert de Saint Pierre
1059;89;Gamm Vert de Saint Pierre
1089;89;Gamm Vert de Saint Pierre
1090;89;Gamm Vert de Saint Pierre
1099;89;Gamm Vert de Saint Pierre
1101;89;Gamm Vert de Saint Pierre
1103;89;Gamm Vert de Saint Pierre
1125;89;Gamm Vert de Saint Pierre
1131;89;Gamm Vert de Saint Pierre
1200;89;Gamm Vert de Saint Pierre
1307;89;Gamm Vert de Saint Pierre
1350;89;Gamm Vert de Saint Pierre
139;89;Gamm Vert de Saint Pierre
1416;89;Gamm Vert de Saint Pierre
1457;89;Gamm Vert de Saint Pierre
1536;89;Gamm Vert de Saint Pierre
1541;89;Gamm Vert de Saint Pierre
1545;89;Gamm Vert de Saint Pierre
1586;89;Gamm Vert de Saint Pierre
1587;89;Gamm Vert de Saint Pierre
1616;89;Gamm Vert de Saint Pierre
1623;89;Gamm Vert de Saint Pierre
1693;89;Gamm Vert de Saint Pierre
1696;89;Gamm Vert de Saint Pierre
1697;89;Gamm Vert de Saint Pierre
1718;89;Gamm Vert de Saint Pierre
1720;89;Gamm Vert de Saint Pierre
1741;89;Gamm Vert de Saint Pierre
1745;89;Gamm Vert de Saint Pierre
1776;89;Gamm Vert de Saint Pierre
1786;89;Gamm Vert de Saint Pierre
1846;89;Gamm Vert de Saint Pierre
1856;89;Gamm Vert de Saint Pierre
1858;89;Gamm Vert de Saint Pierre
1859;89;Gamm Vert de Saint Pierre
1882;89;Gamm Vert de Saint Pierre
1992;89;Gamm Vert de Saint Pierre
2027;89;Gamm Vert de Saint Pierre
2029;89;Gamm Vert de Saint Pierre
2041;89;Gamm Vert de Saint Pierre
2043;89;Gamm Vert de Saint Pierre
2045;89;Gamm Vert de Saint Pierre
2062;89;Gamm Vert de Saint Pierre
2069;89;Gamm Vert de Saint Pierre
2084;89;Gamm Vert de Saint Pierre
2085;89;Gamm Vert de Saint Pierre
30;89;Gamm Vert de Saint Pierre
800;89;Gamm Vert de Saint Pierre
811;89;Gamm Vert de Saint Pierre
826;89;Gamm Vert de Saint Pierre
885;89;Gamm Vert de Saint Pierre
893;89;Gamm Vert de Saint Pierre
960;89;Gamm Vert de Saint Pierre
1007;93;Gamm Vert de Corbeil
1053;93;Gamm Vert de Corbeil
1159;93;Gamm Vert de Corbeil
12;93;Gamm Vert de Corbeil
1703;93;Gamm Vert de Corbeil
1733;93;Gamm Vert de Corbeil
1883;93;Gamm Vert de Corbeil
1890;93;Gamm Vert de Corbeil
2046;93;Gamm Vert de Corbeil
230;93;Gamm Vert de Corbeil
231;93;Gamm Vert de Corbeil
36;93;Gamm Vert de Corbeil
807;93;Gamm Vert de Corbeil
816;93;Gamm Vert de Corbeil
821;93;Gamm Vert de Corbeil
849;93;Gamm Vert de Corbeil
889;93;Gamm Vert de Corbeil
1322;171;Gamm Vert de EST Pro
1937;171;Gamm Vert de EST Pro
1948;171;Gamm Vert de EST Pro
2020;171;Gamm Vert de EST Pro
2066;171;Gamm Vert de EST Pro
1020;95;Gamm Vert de Petite ile
1144;95;Gamm Vert de Petite ile
1187;95;Gamm Vert de Petite ile
1195;95;Gamm Vert de Petite ile
1208;95;Gamm Vert de Petite ile
1243;95;Gamm Vert de Petite ile
1336;95;Gamm Vert de Petite ile
1358;95;Gamm Vert de Petite ile
1369;95;Gamm Vert de Petite ile
1557;95;Gamm Vert de Petite ile
1613;95;Gamm Vert de Petite ile
1706;95;Gamm Vert de Petite ile
1746;95;Gamm Vert de Petite ile
1769;95;Gamm Vert de Petite ile
1833;95;Gamm Vert de Petite ile
1913;95;Gamm Vert de Petite ile
1944;95;Gamm Vert de Petite ile
223;95;Gamm Vert de Petite ile
41;95;Gamm Vert de Petite ile
819;95;Gamm Vert de Petite ile
840;95;Gamm Vert de Petite ile
850;95;Gamm Vert de Petite ile
912;95;Gamm Vert de Petite ile
935;95;Gamm Vert de Petite ile
946;95;Gamm Vert de Petite ile
994;95;Gamm Vert de Petite ile
1617;96;Gamm Vert de Saint Joseph
46;96;Gamm Vert de Saint Joseph
890;96;Gamm Vert de Saint Joseph
947;96;Gamm Vert de Saint Joseph
1072;97;Gamm Vert de Saint Louis
1134;97;Gamm Vert de Saint Louis
1194;97;Gamm Vert de Saint Louis
1207;97;Gamm Vert de Saint Louis
1548;97;Gamm Vert de Saint Louis
1558;97;Gamm Vert de Saint Louis
1585;97;Gamm Vert de Saint Louis
1593;97;Gamm Vert de Saint Louis
1666;97;Gamm Vert de Saint Louis
1772;97;Gamm Vert de Saint Louis
1845;97;Gamm Vert de Saint Louis
1857;97;Gamm Vert de Saint Louis
1897;97;Gamm Vert de Saint Louis
1901;97;Gamm Vert de Saint Louis
1961;97;Gamm Vert de Saint Louis
1966;97;Gamm Vert de Saint Louis
1999;97;Gamm Vert de Saint Louis
2019;97;Gamm Vert de Saint Louis
2035;97;Gamm Vert de Saint Louis
2059;97;Gamm Vert de Saint Louis
2070;97;Gamm Vert de Saint Louis
2089;97;Gamm Vert de Saint Louis
32;97;Gamm Vert de Saint Louis
822;97;Gamm Vert de Saint Louis
881;97;Gamm Vert de Saint Louis
978;97;Gamm Vert de Saint Louis
1110;98;PIECES AGRI
1116;98;PIECES AGRI
1476;98;PIECES AGRI
1501;98;PIECES AGRI
1619;98;PIECES AGRI
1672;98;PIECES AGRI
1724;98;PIECES AGRI
1739;98;PIECES AGRI
1771;98;PIECES AGRI
1788;98;PIECES AGRI
1860;98;PIECES AGRI
1892;98;PIECES AGRI
1958;98;PIECES AGRI
2034;98;PIECES AGRI
507;98;PIECES AGRI
927;98;PIECES AGRI
1109;99;PIECES DETACHEES
1681;99;PIECES DETACHEES
1688;99;PIECES DETACHEES
1818;99;PIECES DETACHEES
1823;99;PIECES DETACHEES
1909;99;PIECES DETACHEES
2075;99;PIECES DETACHEES
853;99;PIECES DETACHEES
1013;103;Gamm Vert de Saint Leu
1060;103;Gamm Vert de Saint Leu
1063;103;Gamm Vert de Saint Leu
1104;103;Gamm Vert de Saint Leu
1107;103;Gamm Vert de Saint Leu
1115;103;Gamm Vert de Saint Leu
1120;103;Gamm Vert de Saint Leu
1128;103;Gamm Vert de Saint Leu
1140;103;Gamm Vert de Saint Leu
1150;103;Gamm Vert de Saint Leu
1151;103;Gamm Vert de Saint Leu
1174;103;Gamm Vert de Saint Leu
1201;103;Gamm Vert de Saint Leu
1203;103;Gamm Vert de Saint Leu
1205;103;Gamm Vert de Saint Leu
1297;103;Gamm Vert de Saint Leu
1324;103;Gamm Vert de Saint Leu
1376;103;Gamm Vert de Saint Leu
1456;103;Gamm Vert de Saint Leu
1468;103;Gamm Vert de Saint Leu
1493;103;Gamm Vert de Saint Leu
1519;103;Gamm Vert de Saint Leu
1542;103;Gamm Vert de Saint Leu
1564;103;Gamm Vert de Saint Leu
1582;103;Gamm Vert de Saint Leu
1589;103;Gamm Vert de Saint Leu
1595;103;Gamm Vert de Saint Leu
160;103;Gamm Vert de Saint Leu
1622;103;Gamm Vert de Saint Leu
1634;103;Gamm Vert de Saint Leu
1649;103;Gamm Vert de Saint Leu
1664;103;Gamm Vert de Saint Leu
1711;103;Gamm Vert de Saint Leu
1718;103;Gamm Vert de Saint Leu
1726;103;Gamm Vert de Saint Leu
1750;103;Gamm Vert de Saint Leu
1751;103;Gamm Vert de Saint Leu
1759;103;Gamm Vert de Saint Leu
1766;103;Gamm Vert de Saint Leu
1780;103;Gamm Vert de Saint Leu
1782;103;Gamm Vert de Saint Leu
1791;103;Gamm Vert de Saint Leu
1792;103;Gamm Vert de Saint Leu
1801;103;Gamm Vert de Saint Leu
1819;103;Gamm Vert de Saint Leu
1825;103;Gamm Vert de Saint Leu
1834;103;Gamm Vert de Saint Leu
1871;103;Gamm Vert de Saint Leu
1879;103;Gamm Vert de Saint Leu
1900;103;Gamm Vert de Saint Leu
1904;103;Gamm Vert de Saint Leu
1907;103;Gamm Vert de Saint Leu
1918;103;Gamm Vert de Saint Leu
1921;103;Gamm Vert de Saint Leu
1924;103;Gamm Vert de Saint Leu
1927;103;Gamm Vert de Saint Leu
1938;103;Gamm Vert de Saint Leu
1955;103;Gamm Vert de Saint Leu
1964;103;Gamm Vert de Saint Leu
1965;103;Gamm Vert de Saint Leu
1970;103;Gamm Vert de Saint Leu
1972;103;Gamm Vert de Saint Leu
1978;103;Gamm Vert de Saint Leu
1981;103;Gamm Vert de Saint Leu
1990;103;Gamm Vert de Saint Leu
2013;103;Gamm Vert de Saint Leu
2025;103;Gamm Vert de Saint Leu
2036;103;Gamm Vert de Saint Leu
2038;103;Gamm Vert de Saint Leu
2040;103;Gamm Vert de Saint Leu
2060;103;Gamm Vert de Saint Leu
2090;103;Gamm Vert de Saint Leu
501;103;Gamm Vert de Saint Leu
58;103;Gamm Vert de Saint Leu
880;103;Gamm Vert de Saint Leu
884;103;Gamm Vert de Saint Leu
901;103;Gamm Vert de Saint Leu
904;103;Gamm Vert de Saint Leu
968;103;Gamm Vert de Saint Leu
1129;104;SIEGE OPERATIONNEL COMMERCIAL
26;104;SIEGE OPERATIONNEL COMMERCIAL
702;104;SIEGE OPERATIONNEL COMMERCIAL
975;104;SIEGE OPERATIONNEL COMMERCIAL
1219;174;VIVEA STATION
1238;174;VIVEA STATION
1239;174;VIVEA STATION
1241;174;VIVEA STATION
1244;174;VIVEA STATION
1246;174;VIVEA STATION
1347;174;VIVEA STATION
1702;174;VIVEA STATION
1852;174;VIVEA STATION
1984;174;VIVEA STATION
2003;174;VIVEA STATION
2006;174;VIVEA STATION
2028;174;VIVEA STATION
2044;174;VIVEA STATION
2055;174;VIVEA STATION
2064;174;VIVEA STATION
2071;174;VIVEA STATION
2074;174;VIVEA STATION
2080;174;VIVEA STATION
2088;174;VIVEA STATION
112;108;INFORMATIQUE
1930;108;INFORMATIQUE
970;108;INFORMATIQUE
1129;109;IMPORT
512;109;IMPORT
521;109;IMPORT
1075;110;SECURITE/MAINTENANCE
1108;110;SECURITE/MAINTENANCE
1152;110;SECURITE/MAINTENANCE
1404;110;SECURITE/MAINTENANCE
1512;110;SECURITE/MAINTENANCE
1665;110;SECURITE/MAINTENANCE
1683;110;SECURITE/MAINTENANCE
225;110;SECURITE/MAINTENANCE
503;110;SECURITE/MAINTENANCE
90;110;SECURITE/MAINTENANCE
1003;111;RESSOURCES HUMAINES
1357;111;RESSOURCES HUMAINES
1806;111;RESSOURCES HUMAINES
1899;111;RESSOURCES HUMAINES
2002;111;RESSOURCES HUMAINES
509;111;RESSOURCES HUMAINES
1037;112;ADMINISTRATION DES VENTES
1066;112;ADMINISTRATION DES VENTES
1377;112;ADMINISTRATION DES VENTES
1455;112;ADMINISTRATION DES VENTES
1775;112;ADMINISTRATION DES VENTES
1836;112;ADMINISTRATION DES VENTES
1847;112;ADMINISTRATION DES VENTES
1991;112;ADMINISTRATION DES VENTES
2058;112;ADMINISTRATION DES VENTES
24;112;ADMINISTRATION DES VENTES
522;112;ADMINISTRATION DES VENTES
1017;113;AGRO
1026;113;AGRO
1038;113;AGRO
1096;113;AGRO
1105;113;AGRO
1113;113;AGRO
1143;113;AGRO
1212;113;AGRO
1333;113;AGRO
1458;113;AGRO
1513;113;AGRO
156;113;AGRO
1599;113;AGRO
1631;113;AGRO
1633;113;AGRO
1851;113;AGRO
1872;113;AGRO
1943;113;AGRO
2016;113;AGRO
205;113;AGRO
524;113;AGRO
951;113;AGRO
1160;114;SAV AGRO_ELECTRO
1173;114;SAV AGRO_ELECTRO
1206;114;SAV AGRO_ELECTRO
1305;114;SAV AGRO_ELECTRO
1335;114;SAV AGRO_ELECTRO
1462;114;SAV AGRO_ELECTRO
156;114;SAV AGRO_ELECTRO
1578;114;SAV AGRO_ELECTRO
1579;114;SAV AGRO_ELECTRO
1608;114;SAV AGRO_ELECTRO
1721;114;SAV AGRO_ELECTRO
1775;114;SAV AGRO_ELECTRO
1815;114;SAV AGRO_ELECTRO
1931;114;SAV AGRO_ELECTRO
1956;114;SAV AGRO_ELECTRO
1971;114;SAV AGRO_ELECTRO
1979;114;SAV AGRO_ELECTRO
2;114;SAV AGRO_ELECTRO
2015;114;SAV AGRO_ELECTRO
228;114;SAV AGRO_ELECTRO
858;114;SAV AGRO_ELECTRO
1043;115;COMMERCIAUX_GAMMAGRI
1655;115;COMMERCIAUX_GAMMAGRI
48;115;COMMERCIAUX_GAMMAGRI
940;115;COMMERCIAUX_GAMMAGRI
1804;180;COCCINELLE POLE TRANSFERT
1947;180;COCCINELLE POLE TRANSFERT
1974;180;COCCINELLE POLE TRANSFERT
1977;180;COCCINELLE POLE TRANSFERT
2007;180;COCCINELLE POLE TRANSFERT
2022;180;COCCINELLE POLE TRANSFERT
2076;180;COCCINELLE POLE TRANSFERT
2082;180;COCCINELLE POLE TRANSFERT
2083;180;COCCINELLE POLE TRANSFERT
1094;121;TRANSPORT
116;121;TRANSPORT
1451;121;TRANSPORT
1638;121;TRANSPORT
224;121;TRANSPORT
523;121;TRANSPORT
906;121;TRANSPORT
922;121;TRANSPORT
400;123;TROJNAR
527;123;TROJNAR
1622;172;GV Animalerie
1711;172;GV Animalerie
1726;172;GV Animalerie
1782;172;GV Animalerie
1825;172;GV Animalerie
1259;131;COCCINELLE
1266;131;COCCINELLE
1299;131;COCCINELLE
1326;131;COCCINELLE
1644;131;COCCINELLE
1707;131;COCCINELLE
1803;131;COCCINELLE
1814;131;COCCINELLE
1881;131;COCCINELLE
1917;131;COCCINELLE
1977;131;COCCINELLE
2001;131;COCCINELLE
2026;131;COCCINELLE
2072;131;COCCINELLE
1244;175;VIVEA SEC
1288;175;VIVEA SEC
1221;176;RFL COM COORD
1229;176;RFL COM COORD
1332;176;RFL COM COORD
1994;176;RFL COM COORD
1790;177;VIVEA ADMINISTRATIF
1980;177;VIVEA ADMINISTRATIF
2024;177;VIVEA ADMINISTRATIF
1232;147;RFL COMMERCE
1332;147;RFL COMMERCE
1342;147;RFL COMMERCE
1894;147;RFL COMMERCE
1940;147;RFL COMMERCE
1982;147;RFL COMMERCE
2010;147;RFL COMMERCE
2050;147;RFL COMMERCE
1228;148;RFL ADV
1477;148;RFL ADV
1973;148;RFL ADV
1216;178;VIVEA DIRECTION
1219;178;VIVEA DIRECTION
1224;178;VIVEA DIRECTION
1228;178;VIVEA DIRECTION
1433;178;VIVEA DIRECTION
1994;178;VIVEA DIRECTION
1037;151;Gamm Vert de Saint Pierre Pro
1197;151;Gamm Vert de Saint Pierre Pro
1286;151;Gamm Vert de Saint Pierre Pro
1309;151;Gamm Vert de Saint Pierre Pro
1865;151;Gamm Vert de Saint Pierre Pro
2056;151;Gamm Vert de Saint Pierre Pro
1229;152;RFL COMMERCE 2
1717;152;RFL COMMERCE 2
1896;152;RFL COMMERCE 2
1985;152;RFL COMMERCE 2
2009;152;RFL COMMERCE 2
2011;152;RFL COMMERCE 2
1236;153;VIVEA LOGISTIQUE
1248;153;VIVEA LOGISTIQUE
1254;153;VIVEA LOGISTIQUE
1258;153;VIVEA LOGISTIQUE
1361;153;VIVEA LOGISTIQUE
1790;153;VIVEA LOGISTIQUE
1841;153;VIVEA LOGISTIQUE
1908;153;VIVEA LOGISTIQUE
2004;153;VIVEA LOGISTIQUE
1225;154;MACE
1610;154;MACE
1648;154;MACE
1793;154;MACE
1743;155;Magali Besnard
1143;156;AGRO_MAX
1157;156;AGRO_MAX
1170;156;AGRO_MAX
1484;156;AGRO_MAX
227;156;AGRO_MAX
1364;157;RUNDEKOUP_ADMIN
1393;157;RUNDEKOUP_ADMIN
1396;157;RUNDEKOUP_ADMIN
1452;157;RUNDEKOUP_ADMIN
1454;157;RUNDEKOUP_ADMIN
1510;157;RUNDEKOUP_ADMIN
1514;157;RUNDEKOUP_ADMIN
1550;157;RUNDEKOUP_ADMIN
1581;157;RUNDEKOUP_ADMIN
1611;157;RUNDEKOUP_ADMIN
1701;157;RUNDEKOUP_ADMIN
1708;157;RUNDEKOUP_ADMIN
1752;157;RUNDEKOUP_ADMIN
1830;157;RUNDEKOUP_ADMIN
1848;157;RUNDEKOUP_ADMIN
1849;157;RUNDEKOUP_ADMIN
1850;157;RUNDEKOUP_ADMIN
1993;157;RUNDEKOUP_ADMIN
1995;157;RUNDEKOUP_ADMIN
2008;157;RUNDEKOUP_ADMIN
2033;157;RUNDEKOUP_ADMIN
2068;157;RUNDEKOUP_ADMIN
2081;157;RUNDEKOUP_ADMIN
1017;158;AGRO_BLARD
1837;158;AGRO_BLARD
943;159;PILLON
1499;160;POIRIER
1932;160;POIRIER
2000;160;POIRIER
504;160;POIRIER
1211;173;COCCINELLE POLE R&D
1260;173;COCCINELLE POLE R&D
1295;173;COCCINELLE POLE R&D
1946;173;COCCINELLE POLE R&D
1949;173;COCCINELLE POLE R&D
2047;173;COCCINELLE POLE R&D
2053;173;COCCINELLE POLE R&D
1138;162;P?pini?re des Aloes
1795;162;P?pini?re des Aloes
1876;162;P?pini?re des Aloes
823;162;P?pini?re des Aloes
1048;163;CSE TERRACOOP (GR)
1157;163;CSE TERRACOOP (GR)
1170;163;CSE TERRACOOP (GR)
1173;163;CSE TERRACOOP (GR)
156;163;CSE TERRACOOP (GR)
21;163;CSE TERRACOOP (GR)
503;163;CSE TERRACOOP (GR)
512;163;CSE TERRACOOP (GR)
514;163;CSE TERRACOOP (GR)
970;163;CSE TERRACOOP (GR)
1319;164;VIVEA AGREAGE
1433;164;VIVEA AGREAGE
1645;164;VIVEA AGREAGE
1659;164;VIVEA AGREAGE
1936;164;VIVEA AGREAGE
2065;164;VIVEA AGREAGE
2087;164;VIVEA AGREAGE
2091;164;VIVEA AGREAGE
1041;165;CSE AGRI DEV (GR)
1072;165;CSE AGRI DEV (GR)
1132;165;CSE AGRI DEV (GR)
1358;165;CSE AGRI DEV (GR)
1536;165;CSE AGRI DEV (GR)
1589;165;CSE AGRI DEV (GR)
809;165;CSE AGRI DEV (GR)
819;165;CSE AGRI DEV (GR)
904;165;CSE AGRI DEV (GR)
943;165;CSE AGRI DEV (GR)
1787;179;RUNDEKOUP_DIR
1830;179;RUNDEKOUP_DIR
1987;179;RUNDEKOUP_DIR
1898;169;Animateur GV
