-- phpMyAdmin SQL Dump
-- version 5.2.2
-- https://www.phpmyadmin.net/
--
-- Hôte : terracoonzroot.mysql.db
-- Généré le : jeu. 15 jan. 2026 à 11:21
-- Version du serveur : 8.0.43-34
-- Version de PHP : 8.1.33

SET SQL_MODE = "NO_AUTO_VALUE_ON_ZERO";
START TRANSACTION;
SET time_zone = "+00:00";


/*!40101 SET @OLD_CHARACTER_SET_CLIENT=@@CHARACTER_SET_CLIENT */;
/*!40101 SET @OLD_CHARACTER_SET_RESULTS=@@CHARACTER_SET_RESULTS */;
/*!40101 SET @OLD_COLLATION_CONNECTION=@@COLLATION_CONNECTION */;
/*!40101 SET NAMES utf8mb4 */;

--
-- Base de données : `terracoonzroot`
--

-- --------------------------------------------------------

--
-- Structure de la table `affectations_fixes`
--

CREATE TABLE `affectations_fixes` (
  `id_affectation` int NOT NULL,
  `id_employe` int NOT NULL,
  `id_vehicule` int NOT NULL
) ENGINE=InnoDB DEFAULT CHARSET=latin1;

-- --------------------------------------------------------

--
-- Structure de la table `conges`
--

CREATE TABLE `conges` (
  `id_conge` int NOT NULL,
  `id_employe` int NOT NULL,
  `date_debut` datetime NOT NULL,
  `date_fin` datetime NOT NULL,
  `motif` varchar(255) COLLATE utf8mb4_unicode_ci DEFAULT NULL,
  `statut` varchar(20) COLLATE utf8mb4_unicode_ci DEFAULT 'En_Attente',
  `d_modif` timestamp NOT NULL
) ENGINE=InnoDB DEFAULT CHARSET=utf8mb4 COLLATE=utf8mb4_unicode_ci;

--
-- Déchargement des données de la table `conges`
--

INSERT INTO `conges` (`id_conge`, `id_employe`, `date_debut`, `date_fin`, `motif`, `statut`, `d_modif`) VALUES
(19698, 75, '2026-01-20 00:00:00', '2026-01-20 00:00:00', 'Import Auto', 'En attente', '2026-01-15 00:12:03'),
(19699, 75, '2026-01-30 00:00:00', '2026-01-30 00:00:00', 'Import Auto', 'En attente', '2026-01-15 00:12:03'),
(19700, 75, '2026-03-05 00:00:00', '2026-03-18 00:00:00', 'Import Auto', 'En attente', '2026-01-15 00:12:03'),
(19701, 151, '2026-01-26 00:00:00', '2026-01-31 00:00:00', 'Import Auto', 'En attente', '2026-01-15 00:12:03'),
(19702, 24, '2026-01-21 00:00:00', '2026-01-21 00:00:00', 'Import Auto', 'En attente', '2026-01-15 00:12:03'),
(19703, 24, '2026-03-02 00:00:00', '2026-03-08 00:00:00', 'Import Auto', 'En attente', '2026-01-15 00:12:03'),
(19704, 24, '2026-05-04 00:00:00', '2026-05-17 00:00:00', 'Import Auto', 'En attente', '2026-01-15 00:12:03'),
(19705, 183, '2026-03-19 00:00:00', '2026-03-24 00:00:00', 'Import Auto', 'En attente', '2026-01-15 00:12:03'),
(19706, 183, '2026-12-15 00:00:00', '2026-12-24 00:00:00', 'Import Auto', 'En attente', '2026-01-15 00:12:03'),
(19707, 260, '2026-06-15 00:00:00', '2026-06-30 00:00:00', 'Import Auto', 'En attente', '2026-01-15 00:12:03'),
(19708, 23, '2026-07-27 00:00:00', '2026-08-05 00:00:00', 'Import Auto', 'En attente', '2026-01-15 00:12:03'),
(19709, 103, '2026-04-17 00:00:00', '2026-05-02 00:00:00', 'Import Auto', 'En attente', '2026-01-15 00:12:03'),
(19710, 103, '2026-12-18 00:00:00', '2026-12-31 00:00:00', 'Import Auto', 'En attente', '2026-01-15 00:12:03'),
(19711, 31, '2026-02-16 00:00:00', '2026-02-28 00:00:00', 'Import Auto', 'En attente', '2026-01-15 00:12:03'),
(19712, 31, '2026-06-29 00:00:00', '2026-07-11 00:00:00', 'Import Auto', 'En attente', '2026-01-15 00:12:03'),
(19713, 31, '2026-09-02 00:00:00', '2026-09-13 00:00:00', 'Import Auto', 'En attente', '2026-01-15 00:12:03'),
(19714, 117, '2026-04-06 00:00:00', '2026-04-19 00:00:00', 'Import Auto', 'En attente', '2026-01-15 00:12:03'),
(19715, 117, '2026-08-03 00:00:00', '2026-08-23 00:00:00', 'Import Auto', 'En attente', '2026-01-15 00:12:03'),
(19716, 247, '2026-01-21 00:00:00', '2026-01-23 00:00:00', 'Import Auto', 'En attente', '2026-01-15 00:12:03'),
(19717, 247, '2026-01-26 00:00:00', '2026-02-07 00:00:00', 'Import Auto', 'En attente', '2026-01-15 00:12:03'),
(19718, 20, '2026-01-19 00:00:00', '2026-01-20 00:00:00', 'Import Auto', 'En attente', '2026-01-15 00:12:03'),
(19719, 20, '2026-03-09 00:00:00', '2026-03-13 00:00:00', 'Import Auto', 'En attente', '2026-01-15 00:12:03'),
(19720, 20, '2026-03-14 00:00:00', '2026-03-14 00:00:00', 'Import Auto', 'En attente', '2026-01-15 00:12:03'),
(19721, 20, '2026-05-04 00:00:00', '2026-05-07 00:00:00', 'Import Auto', 'En attente', '2026-01-15 00:12:03'),
(19722, 20, '2026-07-13 00:00:00', '2026-07-13 00:00:00', 'Import Auto', 'En attente', '2026-01-15 00:12:03'),
(19723, 20, '2026-08-03 00:00:00', '2026-08-07 00:00:00', 'Import Auto', 'En attente', '2026-01-15 00:12:03'),
(19724, 20, '2026-08-08 00:00:00', '2026-08-08 00:00:00', 'Import Auto', 'En attente', '2026-01-15 00:12:03'),
(19725, 20, '2026-10-19 00:00:00', '2026-10-23 00:00:00', 'Import Auto', 'En attente', '2026-01-15 00:12:03'),
(19726, 20, '2026-10-24 00:00:00', '2026-10-24 00:00:00', 'Import Auto', 'En attente', '2026-01-15 00:12:03'),
(19727, 188, '2026-02-09 00:00:00', '2026-02-17 00:00:00', 'Import Auto', 'En attente', '2026-01-15 00:12:03'),
(19728, 188, '2026-03-09 00:00:00', '2026-03-24 00:00:00', 'Import Auto', 'En attente', '2026-01-15 00:12:03'),
(19729, 188, '2026-04-13 00:00:00', '2026-04-21 00:00:00', 'Import Auto', 'En attente', '2026-01-15 00:12:03'),
(19730, 277, '2026-02-09 00:00:00', '2026-03-08 00:00:00', 'Import Auto', 'En attente', '2026-01-15 00:12:03'),
(19731, 144, '2026-04-27 00:00:00', '2026-05-03 00:00:00', 'Import Auto', 'En attente', '2026-01-15 00:12:03'),
(19732, 144, '2026-07-13 00:00:00', '2026-07-26 00:00:00', 'Import Auto', 'En attente', '2026-01-15 00:12:03'),
(19733, 144, '2026-11-16 00:00:00', '2026-11-22 00:00:00', 'Import Auto', 'En attente', '2026-01-15 00:12:03'),
(19734, 144, '2026-12-28 00:00:00', '2027-01-10 00:00:00', 'Import Auto', 'En attente', '2026-01-15 00:12:03'),
(19735, 67, '2026-07-24 00:00:00', '2026-08-23 00:00:00', 'Import Auto', 'En attente', '2026-01-15 00:12:03'),
(19736, 128, '2026-03-06 00:00:00', '2026-03-07 00:00:00', 'Import Auto', 'En attente', '2026-01-15 00:12:03'),
(19737, 128, '2026-03-09 00:00:00', '2026-03-13 00:00:00', 'Import Auto', 'En attente', '2026-01-15 00:12:03'),
(19738, 128, '2026-03-14 00:00:00', '2026-03-14 00:00:00', 'Import Auto', 'En attente', '2026-01-15 00:12:03'),
(19739, 128, '2026-05-02 00:00:00', '2026-05-06 00:00:00', 'Import Auto', 'En attente', '2026-01-15 00:12:03'),
(19740, 128, '2026-10-09 00:00:00', '2026-10-24 00:00:00', 'Import Auto', 'En attente', '2026-01-15 00:12:03'),
(19741, 25, '2026-02-09 00:00:00', '2026-02-18 00:00:00', 'Import Auto', 'En attente', '2026-01-15 00:12:03'),
(19742, 119, '2026-03-09 00:00:00', '2026-03-15 00:00:00', 'Import Auto', 'En attente', '2026-01-15 00:12:03'),
(19743, 66, '2026-01-16 00:00:00', '2026-01-16 00:00:00', 'Import Auto', 'En attente', '2026-01-15 00:12:03'),
(19744, 59, '2026-02-10 00:00:00', '2026-02-12 00:00:00', 'Import Auto', 'En attente', '2026-01-15 00:12:03'),
(19745, 59, '2026-02-13 00:00:00', '2026-02-14 00:00:00', 'Import Auto', 'En attente', '2026-01-15 00:12:03'),
(19746, 59, '2026-02-16 00:00:00', '2026-02-19 00:00:00', 'Import Auto', 'En attente', '2026-01-15 00:12:03'),
(19747, 59, '2026-06-10 00:00:00', '2026-06-24 00:00:00', 'Import Auto', 'En attente', '2026-01-15 00:12:03'),
(19748, 84, '2026-01-19 00:00:00', '2026-01-25 00:00:00', 'Import Auto', 'En attente', '2026-01-15 00:12:03'),
(19749, 84, '2026-01-30 00:00:00', '2026-01-30 00:00:00', 'Import Auto', 'En attente', '2026-01-15 00:12:03'),
(19750, 84, '2026-01-31 00:00:00', '2026-01-31 00:00:00', 'Import Auto', 'En attente', '2026-01-15 00:12:03'),
(19751, 84, '2026-03-02 00:00:00', '2026-03-16 00:00:00', 'Import Auto', 'En attente', '2026-01-15 00:12:03'),
(19752, 284, '2026-02-16 00:00:00', '2026-02-17 00:00:00', 'Import Auto', 'En attente', '2026-01-15 00:12:03'),
(19753, 284, '2026-04-30 00:00:00', '2026-04-30 00:00:00', 'Import Auto', 'En attente', '2026-01-15 00:12:03'),
(19754, 284, '2026-06-03 00:00:00', '2026-06-06 00:00:00', 'Import Auto', 'En attente', '2026-01-15 00:12:03'),
(19755, 284, '2026-11-09 00:00:00', '2026-11-21 00:00:00', 'Import Auto', 'En attente', '2026-01-15 00:12:03'),
(19756, 181, '2026-05-04 00:00:00', '2026-05-20 00:00:00', 'Import Auto', 'En attente', '2026-01-15 00:12:03'),
(19757, 163, '2026-01-21 00:00:00', '2026-02-07 00:00:00', 'Import Auto', 'En attente', '2026-01-15 00:12:03'),
(19758, 204, '2026-01-19 00:00:00', '2026-01-25 00:00:00', 'Import Auto', 'En attente', '2026-01-15 00:12:03'),
(19759, 204, '2026-01-26 00:00:00', '2026-02-01 00:00:00', 'Import Auto', 'En attente', '2026-01-15 00:12:03'),
(19760, 5, '2026-02-09 00:00:00', '2026-02-16 00:00:00', 'Import Auto', 'En attente', '2026-01-15 00:12:03'),
(19761, 291, '2026-07-20 00:00:00', '2026-08-08 00:00:00', 'Import Auto', 'En attente', '2026-01-15 00:12:03'),
(19762, 291, '2026-10-08 00:00:00', '2026-10-17 00:00:00', 'Import Auto', 'En attente', '2026-01-15 00:12:03'),
(19763, 291, '2026-10-19 00:00:00', '2026-10-23 00:00:00', 'Import Auto', 'En attente', '2026-01-15 00:12:03'),
(19764, 291, '2026-10-24 00:00:00', '2026-10-24 00:00:00', 'Import Auto', 'En attente', '2026-01-15 00:12:03'),
(19765, 141, '2026-03-02 00:00:00', '2026-03-08 00:00:00', 'Import Auto', 'En attente', '2026-01-15 00:12:03'),
(19766, 141, '2026-05-04 00:00:00', '2026-05-10 00:00:00', 'Import Auto', 'En attente', '2026-01-15 00:12:03'),
(19767, 141, '2026-10-19 00:00:00', '2026-10-25 00:00:00', 'Import Auto', 'En attente', '2026-01-15 00:12:03'),
(19768, 141, '2026-12-21 00:00:00', '2026-12-27 00:00:00', 'Import Auto', 'En attente', '2026-01-15 00:12:03'),
(19769, 232, '2026-03-02 00:00:00', '2026-03-09 00:00:00', 'Import Auto', 'En attente', '2026-01-15 00:12:03'),
(19770, 226, '2026-12-14 00:00:00', '2027-01-12 00:00:00', 'Import Auto', 'En attente', '2026-01-15 00:12:03'),
(19771, 239, '2026-01-23 00:00:00', '2026-01-24 00:00:00', 'Import Auto', 'En attente', '2026-01-15 00:12:03'),
(19772, 239, '2026-03-06 00:00:00', '2026-03-08 00:00:00', 'Import Auto', 'En attente', '2026-01-15 00:12:03'),
(19773, 239, '2026-05-21 00:00:00', '2026-05-31 00:00:00', 'Import Auto', 'En attente', '2026-01-15 00:12:03'),
(19774, 130, '2026-03-30 00:00:00', '2026-04-07 00:00:00', 'Import Auto', 'En attente', '2026-01-15 00:12:03'),
(19775, 161, '2026-04-05 00:00:00', '2026-04-12 00:00:00', 'Import Auto', 'En attente', '2026-01-15 00:12:03'),
(19776, 161, '2026-04-30 00:00:00', '2026-05-02 00:00:00', 'Import Auto', 'En attente', '2026-01-15 00:12:03'),
(19777, 161, '2026-07-11 00:00:00', '2026-07-15 00:00:00', 'Import Auto', 'En attente', '2026-01-15 00:12:03'),
(19778, 161, '2026-08-09 00:00:00', '2026-08-16 00:00:00', 'Import Auto', 'En attente', '2026-01-15 00:12:03'),
(19779, 161, '2026-12-26 00:00:00', '2026-12-31 00:00:00', 'Import Auto', 'En attente', '2026-01-15 00:12:03'),
(19780, 213, '2026-06-25 00:00:00', '2026-07-11 00:00:00', 'Import Auto', 'En attente', '2026-01-15 00:12:03'),
(19781, 153, '2026-02-09 00:00:00', '2026-02-15 00:00:00', 'Import Auto', 'En attente', '2026-01-15 00:12:03'),
(19782, 153, '2026-04-13 00:00:00', '2026-04-19 00:00:00', 'Import Auto', 'En attente', '2026-01-15 00:12:03'),
(19783, 153, '2027-01-04 00:00:00', '2027-01-17 00:00:00', 'Import Auto', 'En attente', '2026-01-15 00:12:03'),
(19784, 289, '2026-03-09 00:00:00', '2026-03-14 00:00:00', 'Import Auto', 'En attente', '2026-01-15 00:12:03'),
(19785, 289, '2026-10-19 00:00:00', '2026-10-24 00:00:00', 'Import Auto', 'En attente', '2026-01-15 00:12:03'),
(19786, 190, '2026-02-14 00:00:00', '2026-02-20 00:00:00', 'Import Auto', 'En attente', '2026-01-15 00:12:03'),
(19787, 190, '2026-02-21 00:00:00', '2026-02-21 00:00:00', 'Import Auto', 'En attente', '2026-01-15 00:12:03'),
(19788, 190, '2026-03-14 00:00:00', '2026-03-21 00:00:00', 'Import Auto', 'En attente', '2026-01-15 00:12:03'),
(19789, 190, '2026-10-05 00:00:00', '2026-10-09 00:00:00', 'Import Auto', 'En attente', '2026-01-15 00:12:03'),
(19790, 190, '2026-10-10 00:00:00', '2026-10-10 00:00:00', 'Import Auto', 'En attente', '2026-01-15 00:12:03'),
(19791, 190, '2026-10-12 00:00:00', '2026-10-16 00:00:00', 'Import Auto', 'En attente', '2026-01-15 00:12:03'),
(19792, 190, '2026-10-17 00:00:00', '2026-10-17 00:00:00', 'Import Auto', 'En attente', '2026-01-15 00:12:03'),
(19793, 190, '2026-12-19 00:00:00', '2026-12-26 00:00:00', 'Import Auto', 'En attente', '2026-01-15 00:12:03'),
(19794, 14, '2026-03-09 00:00:00', '2026-03-14 00:00:00', 'Import Auto', 'En attente', '2026-01-15 00:12:03'),
(19795, 110, '2026-04-28 00:00:00', '2026-05-13 00:00:00', 'Import Auto', 'En attente', '2026-01-15 00:12:03'),
(19796, 112, '2026-12-14 00:00:00', '2026-12-26 00:00:00', 'Import Auto', 'En attente', '2026-01-15 00:12:03'),
(19797, 310, '2026-03-18 00:00:00', '2026-03-20 00:00:00', 'Import Auto', 'En attente', '2026-01-15 00:12:03'),
(19798, 310, '2026-05-11 00:00:00', '2026-06-03 00:00:00', 'Import Auto', 'En attente', '2026-01-15 00:12:03'),
(19799, 310, '2026-08-12 00:00:00', '2026-08-14 00:00:00', 'Import Auto', 'En attente', '2026-01-15 00:12:03'),
(19800, 310, '2026-10-21 00:00:00', '2026-10-23 00:00:00', 'Import Auto', 'En attente', '2026-01-15 00:12:03'),
(19801, 304, '2026-02-04 00:00:00', '2026-02-14 00:00:00', 'Import Auto', 'En attente', '2026-01-15 00:12:03'),
(19802, 304, '2026-02-28 00:00:00', '2026-02-28 00:00:00', 'Import Auto', 'En attente', '2026-01-15 00:12:03'),
(19803, 304, '2026-10-01 00:00:00', '2026-10-05 00:00:00', 'Import Auto', 'En attente', '2026-01-15 00:12:03'),
(19804, 172, '2026-01-17 00:00:00', '2026-01-17 00:00:00', 'Import Auto', 'En attente', '2026-01-15 00:12:03'),
(19805, 136, '2026-04-01 00:00:00', '2026-04-25 00:00:00', 'Import Auto', 'En attente', '2026-01-15 00:12:03'),
(19806, 243, '2026-02-17 00:00:00', '2026-02-17 00:00:00', 'Import Auto', 'En attente', '2026-01-15 00:12:03'),
(19807, 243, '2026-05-02 00:00:00', '2026-05-11 00:00:00', 'Import Auto', 'En attente', '2026-01-15 00:12:03'),
(19808, 243, '2026-07-04 00:00:00', '2026-07-07 00:00:00', 'Import Auto', 'En attente', '2026-01-15 00:12:03'),
(19809, 243, '2026-12-17 00:00:00', '2026-12-17 00:00:00', 'Import Auto', 'En attente', '2026-01-15 00:12:03'),
(19810, 122, '2026-01-24 00:00:00', '2026-01-24 00:00:00', 'Import Auto', 'En attente', '2026-01-15 00:12:03'),
(19811, 122, '2026-01-30 00:00:00', '2026-01-30 00:00:00', 'Import Auto', 'En attente', '2026-01-15 00:12:03'),
(19812, 122, '2026-01-31 00:00:00', '2026-01-31 00:00:00', 'Import Auto', 'En attente', '2026-01-15 00:12:03'),
(19813, 295, '2026-01-16 00:00:00', '2026-01-16 00:00:00', 'Import Auto', 'En attente', '2026-01-15 00:12:03'),
(19814, 72, '2026-12-14 00:00:00', '2027-01-06 00:00:00', 'Import Auto', 'En attente', '2026-01-15 00:12:03'),
(19815, 77, '2026-01-23 00:00:00', '2026-01-23 00:00:00', 'Import Auto', 'En attente', '2026-01-15 00:12:03'),
(19816, 77, '2026-02-25 00:00:00', '2026-02-25 00:00:00', 'Import Auto', 'En attente', '2026-01-15 00:12:03'),
(19817, 77, '2026-04-29 00:00:00', '2026-04-30 00:00:00', 'Import Auto', 'En attente', '2026-01-15 00:12:03'),
(19818, 176, '2026-01-19 00:00:00', '2026-01-20 00:00:00', 'Import Auto', 'En attente', '2026-01-15 00:12:03'),
(19819, 44, '2026-02-04 00:00:00', '2026-02-19 00:00:00', 'Import Auto', 'En attente', '2026-01-15 00:12:03'),
(19820, 38, '2026-08-13 00:00:00', '2026-08-31 00:00:00', 'Import Auto', 'En attente', '2026-01-15 00:12:03'),
(19821, 255, '2026-05-18 00:00:00', '2026-06-07 00:00:00', 'Import Auto', 'En attente', '2026-01-15 00:12:03'),
(19822, 288, '2026-01-19 00:00:00', '2026-01-23 00:00:00', 'Import Auto', 'En attente', '2026-01-15 00:12:03'),
(19823, 288, '2026-02-09 00:00:00', '2026-02-13 00:00:00', 'Import Auto', 'En attente', '2026-01-15 00:12:03'),
(19824, 288, '2026-03-02 00:00:00', '2026-03-06 00:00:00', 'Import Auto', 'En attente', '2026-01-15 00:12:03'),
(19825, 288, '2026-03-30 00:00:00', '2026-04-03 00:00:00', 'Import Auto', 'En attente', '2026-01-15 00:12:03'),
(19826, 288, '2026-04-20 00:00:00', '2026-04-24 00:00:00', 'Import Auto', 'En attente', '2026-01-15 00:12:03'),
(19827, 288, '2026-05-11 00:00:00', '2026-05-15 00:00:00', 'Import Auto', 'En attente', '2026-01-15 00:12:03'),
(19828, 288, '2026-05-25 00:00:00', '2026-05-29 00:00:00', 'Import Auto', 'En attente', '2026-01-15 00:12:03'),
(19829, 288, '2026-06-08 00:00:00', '2026-06-12 00:00:00', 'Import Auto', 'En attente', '2026-01-15 00:12:03'),
(19830, 86, '2026-01-19 00:00:00', '2026-02-01 00:00:00', 'Import Auto', 'En attente', '2026-01-15 00:12:03'),
(19831, 234, '2026-07-13 00:00:00', '2026-08-01 00:00:00', 'Import Auto', 'En attente', '2026-01-15 00:12:03'),
(19832, 296, '2026-01-21 00:00:00', '2026-01-21 00:00:00', 'Import Auto', 'En attente', '2026-01-15 00:12:03'),
(19833, 296, '2026-01-28 00:00:00', '2026-01-28 00:00:00', 'Import Auto', 'En attente', '2026-01-15 00:12:03'),
(19834, 296, '2026-02-04 00:00:00', '2026-02-04 00:00:00', 'Import Auto', 'En attente', '2026-01-15 00:12:03'),
(19835, 296, '2026-02-11 00:00:00', '2026-02-11 00:00:00', 'Import Auto', 'En attente', '2026-01-15 00:12:03'),
(19836, 296, '2026-02-16 00:00:00', '2026-02-20 00:00:00', 'Import Auto', 'En attente', '2026-01-15 00:12:03'),
(19837, 296, '2026-02-25 00:00:00', '2026-02-25 00:00:00', 'Import Auto', 'En attente', '2026-01-15 00:12:03'),
(19838, 296, '2026-03-04 00:00:00', '2026-03-04 00:00:00', 'Import Auto', 'En attente', '2026-01-15 00:12:03'),
(19839, 296, '2026-03-11 00:00:00', '2026-03-11 00:00:00', 'Import Auto', 'En attente', '2026-01-15 00:12:03'),
(19840, 296, '2026-03-18 00:00:00', '2026-03-18 00:00:00', 'Import Auto', 'En attente', '2026-01-15 00:12:03'),
(19841, 296, '2026-03-25 00:00:00', '2026-03-25 00:00:00', 'Import Auto', 'En attente', '2026-01-15 00:12:03'),
(19842, 296, '2026-04-01 00:00:00', '2026-04-01 00:00:00', 'Import Auto', 'En attente', '2026-01-15 00:12:03'),
(19843, 296, '2026-04-08 00:00:00', '2026-04-08 00:00:00', 'Import Auto', 'En attente', '2026-01-15 00:12:03'),
(19844, 296, '2026-04-13 00:00:00', '2026-04-17 00:00:00', 'Import Auto', 'En attente', '2026-01-15 00:12:03'),
(19845, 296, '2026-04-22 00:00:00', '2026-04-22 00:00:00', 'Import Auto', 'En attente', '2026-01-15 00:12:03'),
(19846, 296, '2026-04-29 00:00:00', '2026-04-29 00:00:00', 'Import Auto', 'En attente', '2026-01-15 00:12:03'),
(19847, 296, '2026-05-06 00:00:00', '2026-05-06 00:00:00', 'Import Auto', 'En attente', '2026-01-15 00:12:03'),
(19848, 296, '2026-05-13 00:00:00', '2026-05-13 00:00:00', 'Import Auto', 'En attente', '2026-01-15 00:12:03'),
(19849, 296, '2026-05-20 00:00:00', '2026-05-20 00:00:00', 'Import Auto', 'En attente', '2026-01-15 00:12:03'),
(19850, 296, '2026-05-27 00:00:00', '2026-05-27 00:00:00', 'Import Auto', 'En attente', '2026-01-15 00:12:03'),
(19851, 296, '2026-06-03 00:00:00', '2026-06-03 00:00:00', 'Import Auto', 'En attente', '2026-01-15 00:12:03'),
(19852, 296, '2026-06-10 00:00:00', '2026-06-10 00:00:00', 'Import Auto', 'En attente', '2026-01-15 00:12:03'),
(19853, 296, '2026-06-17 00:00:00', '2026-06-17 00:00:00', 'Import Auto', 'En attente', '2026-01-15 00:12:03'),
(19854, 296, '2026-06-24 00:00:00', '2026-06-24 00:00:00', 'Import Auto', 'En attente', '2026-01-15 00:12:03'),
(19855, 296, '2026-07-01 00:00:00', '2026-07-01 00:00:00', 'Import Auto', 'En attente', '2026-01-15 00:12:03'),
(19856, 296, '2026-07-06 00:00:00', '2026-07-10 00:00:00', 'Import Auto', 'En attente', '2026-01-15 00:12:03'),
(19857, 296, '2026-07-29 00:00:00', '2026-07-29 00:00:00', 'Import Auto', 'En attente', '2026-01-15 00:12:03'),
(19858, 296, '2026-08-05 00:00:00', '2026-08-05 00:00:00', 'Import Auto', 'En attente', '2026-01-15 00:12:03'),
(19859, 296, '2026-08-12 00:00:00', '2026-08-12 00:00:00', 'Import Auto', 'En attente', '2026-01-15 00:12:03'),
(19860, 296, '2026-08-19 00:00:00', '2026-08-19 00:00:00', 'Import Auto', 'En attente', '2026-01-15 00:12:03'),
(19861, 296, '2026-08-24 00:00:00', '2026-08-28 00:00:00', 'Import Auto', 'En attente', '2026-01-15 00:12:03'),
(19862, 296, '2026-08-31 00:00:00', '2026-09-04 00:00:00', 'Import Auto', 'En attente', '2026-01-15 00:12:03'),
(19863, 269, '2026-01-17 00:00:00', '2026-01-17 00:00:00', 'Import Auto', 'En attente', '2026-01-15 00:12:03'),
(19864, 269, '2026-03-18 00:00:00', '2026-04-01 00:00:00', 'Import Auto', 'En attente', '2026-01-15 00:12:03'),
(19865, 198, '2026-01-21 00:00:00', '2026-01-22 00:00:00', 'Import Auto', 'En attente', '2026-01-15 00:12:03'),
(19866, 39, '2026-01-19 00:00:00', '2026-01-19 00:00:00', 'Import Auto', 'En attente', '2026-01-15 00:12:03'),
(19867, 39, '2026-01-22 00:00:00', '2026-01-22 00:00:00', 'Import Auto', 'En attente', '2026-01-15 00:12:03'),
(19868, 39, '2026-01-26 00:00:00', '2026-01-30 00:00:00', 'Import Auto', 'En attente', '2026-01-15 00:12:03'),
(19869, 39, '2026-02-03 00:00:00', '2026-02-04 00:00:00', 'Import Auto', 'En attente', '2026-01-15 00:12:03'),
(19870, 39, '2026-02-10 00:00:00', '2026-02-11 00:00:00', 'Import Auto', 'En attente', '2026-01-15 00:12:03'),
(19871, 39, '2026-02-17 00:00:00', '2026-02-18 00:00:00', 'Import Auto', 'En attente', '2026-01-15 00:12:03'),
(19872, 39, '2026-02-24 00:00:00', '2026-02-25 00:00:00', 'Import Auto', 'En attente', '2026-01-15 00:12:03'),
(19873, 39, '2026-03-03 00:00:00', '2026-03-04 00:00:00', 'Import Auto', 'En attente', '2026-01-15 00:12:03'),
(19874, 39, '2026-03-10 00:00:00', '2026-03-11 00:00:00', 'Import Auto', 'En attente', '2026-01-15 00:12:03'),
(19875, 39, '2026-03-17 00:00:00', '2026-03-18 00:00:00', 'Import Auto', 'En attente', '2026-01-15 00:12:03'),
(19876, 39, '2026-03-24 00:00:00', '2026-03-25 00:00:00', 'Import Auto', 'En attente', '2026-01-15 00:12:03'),
(19877, 39, '2026-03-31 00:00:00', '2026-03-31 00:00:00', 'Import Auto', 'En attente', '2026-01-15 00:12:03'),
(19878, 39, '2026-04-08 00:00:00', '2026-04-09 00:00:00', 'Import Auto', 'En attente', '2026-01-15 00:12:03'),
(19879, 39, '2026-04-14 00:00:00', '2026-04-15 00:00:00', 'Import Auto', 'En attente', '2026-01-15 00:12:03'),
(19880, 39, '2026-04-22 00:00:00', '2026-04-23 00:00:00', 'Import Auto', 'En attente', '2026-01-15 00:12:03'),
(19881, 39, '2026-04-28 00:00:00', '2026-04-28 00:00:00', 'Import Auto', 'En attente', '2026-01-15 00:12:03'),
(19882, 39, '2026-05-05 00:00:00', '2026-05-05 00:00:00', 'Import Auto', 'En attente', '2026-01-15 00:12:03'),
(19883, 39, '2026-05-12 00:00:00', '2026-05-12 00:00:00', 'Import Auto', 'En attente', '2026-01-15 00:12:03'),
(19884, 39, '2026-05-18 00:00:00', '2026-05-22 00:00:00', 'Import Auto', 'En attente', '2026-01-15 00:12:03'),
(19885, 39, '2026-05-26 00:00:00', '2026-05-26 00:00:00', 'Import Auto', 'En attente', '2026-01-15 00:12:03'),
(19886, 39, '2026-06-02 00:00:00', '2026-06-03 00:00:00', 'Import Auto', 'En attente', '2026-01-15 00:12:03'),
(19887, 39, '2026-06-09 00:00:00', '2026-06-10 00:00:00', 'Import Auto', 'En attente', '2026-01-15 00:12:03'),
(19888, 39, '2026-06-16 00:00:00', '2026-06-17 00:00:00', 'Import Auto', 'En attente', '2026-01-15 00:12:03'),
(19889, 39, '2026-06-22 00:00:00', '2026-06-23 00:00:00', 'Import Auto', 'En attente', '2026-01-15 00:12:03'),
(19890, 39, '2026-06-30 00:00:00', '2026-06-30 00:00:00', 'Import Auto', 'En attente', '2026-01-15 00:12:03'),
(19891, 39, '2026-07-07 00:00:00', '2026-07-09 00:00:00', 'Import Auto', 'En attente', '2026-01-15 00:12:03'),
(19892, 39, '2026-07-15 00:00:00', '2026-07-15 00:00:00', 'Import Auto', 'En attente', '2026-01-15 00:12:03'),
(19893, 39, '2026-07-21 00:00:00', '2026-07-21 00:00:00', 'Import Auto', 'En attente', '2026-01-15 00:12:03'),
(19894, 212, '2026-01-19 00:00:00', '2026-01-25 00:00:00', 'Import Auto', 'En attente', '2026-01-15 00:12:03'),
(19895, 212, '2026-01-26 00:00:00', '2026-01-26 00:00:00', 'Import Auto', 'En attente', '2026-01-15 00:12:03'),
(19896, 212, '2026-03-09 00:00:00', '2026-03-15 00:00:00', 'Import Auto', 'En attente', '2026-01-15 00:12:03'),
(19897, 212, '2026-08-17 00:00:00', '2026-08-23 00:00:00', 'Import Auto', 'En attente', '2026-01-15 00:12:03'),
(19898, 212, '2026-10-12 00:00:00', '2026-10-25 00:00:00', 'Import Auto', 'En attente', '2026-01-15 00:12:03'),
(19899, 212, '2026-12-28 00:00:00', '2026-12-31 00:00:00', 'Import Auto', 'En attente', '2026-01-15 00:12:03'),
(19900, 15, '2026-06-25 00:00:00', '2026-07-19 00:00:00', 'Import Auto', 'En attente', '2026-01-15 00:12:03'),
(19901, 28, '2026-03-02 00:00:00', '2026-03-07 00:00:00', 'Import Auto', 'En attente', '2026-01-15 00:12:03'),
(19902, 252, '2026-02-10 00:00:00', '2026-02-28 00:00:00', 'Import Auto', 'En attente', '2026-01-15 00:12:03'),
(19903, 168, '2026-02-02 00:00:00', '2026-02-07 00:00:00', 'Import Auto', 'En attente', '2026-01-15 00:12:03'),
(19904, 168, '2026-03-09 00:00:00', '2026-03-14 00:00:00', 'Import Auto', 'En attente', '2026-01-15 00:12:03'),
(19905, 169, '2026-01-26 00:00:00', '2026-01-26 00:00:00', 'Import Auto', 'En attente', '2026-01-15 00:12:03'),
(19906, 257, '2026-01-22 00:00:00', '2026-01-29 00:00:00', 'Import Auto', 'En attente', '2026-01-15 00:12:03'),
(19907, 56, '2026-01-19 00:00:00', '2026-01-20 00:00:00', 'Import Auto', 'En attente', '2026-01-15 00:12:03'),
(19908, 94, '2026-01-26 00:00:00', '2026-02-01 00:00:00', 'Import Auto', 'En attente', '2026-01-15 00:12:03'),
(19909, 94, '2026-05-11 00:00:00', '2026-05-17 00:00:00', 'Import Auto', 'En attente', '2026-01-15 00:12:03'),
(19910, 94, '2026-07-27 00:00:00', '2026-08-02 00:00:00', 'Import Auto', 'En attente', '2026-01-15 00:12:03'),
(19911, 297, '2026-02-02 00:00:00', '2026-02-27 00:00:00', 'Import Auto', 'En attente', '2026-01-15 00:12:03'),
(19912, 253, '2026-12-14 00:00:00', '2027-01-03 00:00:00', 'Import Auto', 'En attente', '2026-01-15 00:12:03'),
(19913, 193, '2026-04-29 00:00:00', '2026-04-29 00:00:00', 'Import Auto', 'En attente', '2026-01-15 00:12:03'),
(19914, 193, '2026-05-09 00:00:00', '2026-05-09 00:00:00', 'Import Auto', 'En attente', '2026-01-15 00:12:03'),
(19915, 193, '2026-07-13 00:00:00', '2026-07-13 00:00:00', 'Import Auto', 'En attente', '2026-01-15 00:12:03'),
(19916, 193, '2026-07-15 00:00:00', '2026-07-15 00:00:00', 'Import Auto', 'En attente', '2026-01-15 00:12:03'),
(19917, 248, '2026-02-09 00:00:00', '2026-02-27 00:00:00', 'Import Auto', 'En attente', '2026-01-15 00:12:03'),
(19918, 248, '2026-02-28 00:00:00', '2026-02-28 00:00:00', 'Import Auto', 'En attente', '2026-01-15 00:12:03'),
(19919, 95, '2026-01-23 00:00:00', '2026-01-23 00:00:00', 'Import Auto', 'En attente', '2026-01-15 00:12:03'),
(19920, 179, '2026-03-02 00:00:00', '2026-03-08 00:00:00', 'Import Auto', 'En attente', '2026-01-15 00:12:03'),
(19921, 174, '2026-01-16 00:00:00', '2026-01-16 00:00:00', 'Import Auto', 'En attente', '2026-01-15 00:12:03'),
(19922, 3, '2026-02-23 00:00:00', '2026-02-28 00:00:00', 'Import Auto', 'En attente', '2026-01-15 00:12:03'),
(19923, 4, '2026-01-19 00:00:00', '2026-01-19 00:00:00', 'Import Auto', 'En attente', '2026-01-15 00:12:03'),
(19924, 4, '2026-01-20 00:00:00', '2026-01-20 00:00:00', 'Import Auto', 'En attente', '2026-01-15 00:12:03'),
(19925, 4, '2026-03-02 00:00:00', '2026-03-07 00:00:00', 'Import Auto', 'En attente', '2026-01-15 00:12:03'),
(19926, 164, '2026-05-02 00:00:00', '2026-05-02 00:00:00', 'Import Auto', 'En attente', '2026-01-15 00:12:03'),
(19927, 164, '2026-08-10 00:00:00', '2026-08-15 00:00:00', 'Import Auto', 'En attente', '2026-01-15 00:12:03'),
(19928, 48, '2026-05-28 00:00:00', '2026-05-28 00:00:00', 'Import Auto', 'En attente', '2026-01-15 00:12:03'),
(19929, 32, '2026-07-06 00:00:00', '2026-08-06 00:00:00', 'Import Auto', 'En attente', '2026-01-15 00:12:03'),
(19930, 13, '2026-02-02 00:00:00', '2026-02-10 00:00:00', 'Import Auto', 'En attente', '2026-01-15 00:12:03'),
(19931, 13, '2026-02-11 00:00:00', '2026-02-11 00:00:00', 'Import Auto', 'En attente', '2026-01-15 00:12:03'),
(19932, 13, '2026-02-12 00:00:00', '2026-02-12 00:00:00', 'Import Auto', 'En attente', '2026-01-15 00:12:03'),
(19933, 240, '2026-01-22 00:00:00', '2026-01-23 00:00:00', 'Import Auto', 'En attente', '2026-01-15 00:12:03'),
(19934, 240, '2026-01-30 00:00:00', '2026-01-30 00:00:00', 'Import Auto', 'En attente', '2026-01-15 00:12:03'),
(19935, 240, '2026-02-02 00:00:00', '2026-02-06 00:00:00', 'Import Auto', 'En attente', '2026-01-15 00:12:03'),
(19936, 240, '2026-02-12 00:00:00', '2026-02-13 00:00:00', 'Import Auto', 'En attente', '2026-01-15 00:12:03'),
(19937, 240, '2026-02-19 00:00:00', '2026-02-20 00:00:00', 'Import Auto', 'En attente', '2026-01-15 00:12:03'),
(19938, 240, '2026-02-26 00:00:00', '2026-02-27 00:00:00', 'Import Auto', 'En attente', '2026-01-15 00:12:03'),
(19939, 240, '2026-03-06 00:00:00', '2026-03-06 00:00:00', 'Import Auto', 'En attente', '2026-01-15 00:12:03'),
(19940, 240, '2026-03-09 00:00:00', '2026-03-13 00:00:00', 'Import Auto', 'En attente', '2026-01-15 00:12:03'),
(19941, 240, '2026-03-19 00:00:00', '2026-03-20 00:00:00', 'Import Auto', 'En attente', '2026-01-15 00:12:03'),
(19942, 240, '2026-03-26 00:00:00', '2026-03-27 00:00:00', 'Import Auto', 'En attente', '2026-01-15 00:12:03'),
(19943, 240, '2026-04-02 00:00:00', '2026-04-02 00:00:00', 'Import Auto', 'En attente', '2026-01-15 00:12:03'),
(19944, 240, '2026-04-10 00:00:00', '2026-04-10 00:00:00', 'Import Auto', 'En attente', '2026-01-15 00:12:03'),
(19945, 240, '2026-04-13 00:00:00', '2026-04-17 00:00:00', 'Import Auto', 'En attente', '2026-01-15 00:12:03'),
(19946, 240, '2026-04-23 00:00:00', '2026-04-24 00:00:00', 'Import Auto', 'En attente', '2026-01-15 00:12:03'),
(19947, 240, '2026-05-07 00:00:00', '2026-05-07 00:00:00', 'Import Auto', 'En attente', '2026-01-15 00:12:03'),
(19948, 240, '2026-05-18 00:00:00', '2026-05-22 00:00:00', 'Import Auto', 'En attente', '2026-01-15 00:12:03'),
(19949, 240, '2026-05-28 00:00:00', '2026-05-29 00:00:00', 'Import Auto', 'En attente', '2026-01-15 00:12:03'),
(19950, 240, '2026-06-05 00:00:00', '2026-06-05 00:00:00', 'Import Auto', 'En attente', '2026-01-15 00:12:03'),
(19951, 240, '2026-06-08 00:00:00', '2026-06-12 00:00:00', 'Import Auto', 'En attente', '2026-01-15 00:12:03'),
(19952, 240, '2026-06-18 00:00:00', '2026-06-19 00:00:00', 'Import Auto', 'En attente', '2026-01-15 00:12:03'),
(19953, 240, '2026-06-25 00:00:00', '2026-06-26 00:00:00', 'Import Auto', 'En attente', '2026-01-15 00:12:03'),
(19954, 240, '2026-07-02 00:00:00', '2026-07-03 00:00:00', 'Import Auto', 'En attente', '2026-01-15 00:12:03'),
(19955, 240, '2026-07-09 00:00:00', '2026-07-10 00:00:00', 'Import Auto', 'En attente', '2026-01-15 00:12:03'),
(19956, 240, '2026-08-13 00:00:00', '2026-08-14 00:00:00', 'Import Auto', 'En attente', '2026-01-15 00:12:03'),
(19957, 240, '2026-08-21 00:00:00', '2026-08-21 00:00:00', 'Import Auto', 'En attente', '2026-01-15 00:12:03'),
(19958, 240, '2026-08-24 00:00:00', '2026-08-28 00:00:00', 'Import Auto', 'En attente', '2026-01-15 00:12:03'),
(19959, 240, '2026-09-03 00:00:00', '2026-09-04 00:00:00', 'Import Auto', 'En attente', '2026-01-15 00:12:03'),
(19960, 240, '2026-09-10 00:00:00', '2026-09-11 00:00:00', 'Import Auto', 'En attente', '2026-01-15 00:12:03'),
(19961, 240, '2026-09-18 00:00:00', '2026-09-18 00:00:00', 'Import Auto', 'En attente', '2026-01-15 00:12:03'),
(19962, 240, '2026-09-21 00:00:00', '2026-09-25 00:00:00', 'Import Auto', 'En attente', '2026-01-15 00:12:03'),
(19963, 240, '2026-10-01 00:00:00', '2026-10-02 00:00:00', 'Import Auto', 'En attente', '2026-01-15 00:12:03'),
(19964, 240, '2026-10-12 00:00:00', '2026-10-16 00:00:00', 'Import Auto', 'En attente', '2026-01-15 00:12:03'),
(19965, 240, '2026-10-22 00:00:00', '2026-10-23 00:00:00', 'Import Auto', 'En attente', '2026-01-15 00:12:03'),
(19966, 240, '2026-10-29 00:00:00', '2026-10-30 00:00:00', 'Import Auto', 'En attente', '2026-01-15 00:12:03'),
(19967, 240, '2026-11-05 00:00:00', '2026-11-06 00:00:00', 'Import Auto', 'En attente', '2026-01-15 00:12:03'),
(19968, 240, '2026-11-13 00:00:00', '2026-11-13 00:00:00', 'Import Auto', 'En attente', '2026-01-15 00:12:03'),
(19969, 240, '2026-11-20 00:00:00', '2026-11-20 00:00:00', 'Import Auto', 'En attente', '2026-01-15 00:12:03'),
(19970, 240, '2026-11-23 00:00:00', '2026-11-27 00:00:00', 'Import Auto', 'En attente', '2026-01-15 00:12:03'),
(19971, 240, '2026-12-03 00:00:00', '2026-12-04 00:00:00', 'Import Auto', 'En attente', '2026-01-15 00:12:03'),
(19972, 240, '2026-12-10 00:00:00', '2026-12-11 00:00:00', 'Import Auto', 'En attente', '2026-01-15 00:12:03'),
(19973, 240, '2026-12-17 00:00:00', '2026-12-17 00:00:00', 'Import Auto', 'En attente', '2026-01-15 00:12:03'),
(19974, 236, '2026-01-20 00:00:00', '2026-01-20 00:00:00', 'Import Auto', 'En attente', '2026-01-15 00:12:03'),
(19975, 194, '2026-01-16 00:00:00', '2026-01-16 00:00:00', 'Import Auto', 'En attente', '2026-01-15 00:12:03'),
(19976, 194, '2026-01-19 00:00:00', '2026-01-19 00:00:00', 'Import Auto', 'En attente', '2026-01-15 00:12:03'),
(19977, 194, '2026-01-23 00:00:00', '2026-01-23 00:00:00', 'Import Auto', 'En attente', '2026-01-15 00:12:03'),
(19978, 194, '2026-01-30 00:00:00', '2026-01-30 00:00:00', 'Import Auto', 'En attente', '2026-01-15 00:12:03'),
(19979, 194, '2026-02-06 00:00:00', '2026-02-06 00:00:00', 'Import Auto', 'En attente', '2026-01-15 00:12:03'),
(19980, 194, '2026-02-13 00:00:00', '2026-02-13 00:00:00', 'Import Auto', 'En attente', '2026-01-15 00:12:03'),
(19981, 194, '2026-02-20 00:00:00', '2026-02-20 00:00:00', 'Import Auto', 'En attente', '2026-01-15 00:12:03'),
(19982, 194, '2026-02-27 00:00:00', '2026-02-27 00:00:00', 'Import Auto', 'En attente', '2026-01-15 00:12:03'),
(19983, 194, '2026-03-06 00:00:00', '2026-03-06 00:00:00', 'Import Auto', 'En attente', '2026-01-15 00:12:03'),
(19984, 194, '2026-03-13 00:00:00', '2026-03-13 00:00:00', 'Import Auto', 'En attente', '2026-01-15 00:12:03'),
(19985, 194, '2026-03-20 00:00:00', '2026-03-20 00:00:00', 'Import Auto', 'En attente', '2026-01-15 00:12:03'),
(19986, 194, '2026-03-23 00:00:00', '2026-03-27 00:00:00', 'Import Auto', 'En attente', '2026-01-15 00:12:03'),
(19987, 194, '2026-04-03 00:00:00', '2026-04-03 00:00:00', 'Import Auto', 'En attente', '2026-01-15 00:12:03'),
(19988, 194, '2026-04-10 00:00:00', '2026-04-10 00:00:00', 'Import Auto', 'En attente', '2026-01-15 00:12:03'),
(19989, 194, '2026-04-17 00:00:00', '2026-04-17 00:00:00', 'Import Auto', 'En attente', '2026-01-15 00:12:03'),
(19990, 194, '2026-04-24 00:00:00', '2026-04-24 00:00:00', 'Import Auto', 'En attente', '2026-01-15 00:12:03'),
(19991, 194, '2026-05-15 00:00:00', '2026-05-15 00:00:00', 'Import Auto', 'En attente', '2026-01-15 00:12:03'),
(19992, 194, '2026-05-18 00:00:00', '2026-05-22 00:00:00', 'Import Auto', 'En attente', '2026-01-15 00:12:03'),
(19993, 194, '2026-05-29 00:00:00', '2026-05-29 00:00:00', 'Import Auto', 'En attente', '2026-01-15 00:12:03'),
(19994, 194, '2026-06-05 00:00:00', '2026-06-05 00:00:00', 'Import Auto', 'En attente', '2026-01-15 00:12:03'),
(19995, 194, '2026-06-12 00:00:00', '2026-06-12 00:00:00', 'Import Auto', 'En attente', '2026-01-15 00:12:03'),
(19996, 194, '2026-06-19 00:00:00', '2026-06-19 00:00:00', 'Import Auto', 'En attente', '2026-01-15 00:12:03'),
(19997, 194, '2026-06-26 00:00:00', '2026-06-26 00:00:00', 'Import Auto', 'En attente', '2026-01-15 00:12:03'),
(19998, 194, '2026-07-03 00:00:00', '2026-07-03 00:00:00', 'Import Auto', 'En attente', '2026-01-15 00:12:03'),
(19999, 194, '2026-07-10 00:00:00', '2026-07-10 00:00:00', 'Import Auto', 'En attente', '2026-01-15 00:12:03'),
(20000, 194, '2026-07-17 00:00:00', '2026-07-17 00:00:00', 'Import Auto', 'En attente', '2026-01-15 00:12:03'),
(20001, 194, '2026-07-20 00:00:00', '2026-07-24 00:00:00', 'Import Auto', 'En attente', '2026-01-15 00:12:03'),
(20002, 194, '2026-07-31 00:00:00', '2026-07-31 00:00:00', 'Import Auto', 'En attente', '2026-01-15 00:12:03'),
(20003, 194, '2026-08-07 00:00:00', '2026-08-07 00:00:00', 'Import Auto', 'En attente', '2026-01-15 00:12:03'),
(20004, 194, '2026-08-14 00:00:00', '2026-08-14 00:00:00', 'Import Auto', 'En attente', '2026-01-15 00:12:03'),
(20005, 194, '2026-08-21 00:00:00', '2026-08-21 00:00:00', 'Import Auto', 'En attente', '2026-01-15 00:12:03'),
(20006, 194, '2026-08-28 00:00:00', '2026-08-28 00:00:00', 'Import Auto', 'En attente', '2026-01-15 00:12:03'),
(20007, 194, '2026-09-04 00:00:00', '2026-09-04 00:00:00', 'Import Auto', 'En attente', '2026-01-15 00:12:03'),
(20008, 194, '2026-09-11 00:00:00', '2026-09-11 00:00:00', 'Import Auto', 'En attente', '2026-01-15 00:12:03'),
(20009, 194, '2026-09-18 00:00:00', '2026-09-18 00:00:00', 'Import Auto', 'En attente', '2026-01-15 00:12:03'),
(20010, 194, '2026-09-24 00:00:00', '2026-09-25 00:00:00', 'Import Auto', 'En attente', '2026-01-15 00:12:03'),
(20011, 194, '2026-10-02 00:00:00', '2026-10-02 00:00:00', 'Import Auto', 'En attente', '2026-01-15 00:12:03'),
(20012, 194, '2026-10-09 00:00:00', '2026-10-09 00:00:00', 'Import Auto', 'En attente', '2026-01-15 00:12:03'),
(20013, 194, '2026-10-16 00:00:00', '2026-10-16 00:00:00', 'Import Auto', 'En attente', '2026-01-15 00:12:03'),
(20014, 194, '2026-10-23 00:00:00', '2026-10-23 00:00:00', 'Import Auto', 'En attente', '2026-01-15 00:12:03'),
(20015, 194, '2026-10-30 00:00:00', '2026-10-30 00:00:00', 'Import Auto', 'En attente', '2026-01-15 00:12:03'),
(20016, 194, '2026-11-06 00:00:00', '2026-11-06 00:00:00', 'Import Auto', 'En attente', '2026-01-15 00:12:03'),
(20017, 194, '2026-11-13 00:00:00', '2026-11-13 00:00:00', 'Import Auto', 'En attente', '2026-01-15 00:12:03'),
(20018, 194, '2026-11-16 00:00:00', '2026-11-20 00:00:00', 'Import Auto', 'En attente', '2026-01-15 00:12:03'),
(20019, 194, '2026-11-27 00:00:00', '2026-11-27 00:00:00', 'Import Auto', 'En attente', '2026-01-15 00:12:03'),
(20020, 194, '2026-12-04 00:00:00', '2026-12-04 00:00:00', 'Import Auto', 'En attente', '2026-01-15 00:12:03'),
(20021, 194, '2026-12-11 00:00:00', '2026-12-11 00:00:00', 'Import Auto', 'En attente', '2026-01-15 00:12:03'),
(20022, 251, '2026-02-04 00:00:00', '2026-02-05 00:00:00', 'Import Auto', 'En attente', '2026-01-15 00:12:03'),
(20023, 251, '2026-02-11 00:00:00', '2026-02-12 00:00:00', 'Import Auto', 'En attente', '2026-01-15 00:12:03'),
(20024, 251, '2026-02-18 00:00:00', '2026-02-19 00:00:00', 'Import Auto', 'En attente', '2026-01-15 00:12:03'),
(20025, 251, '2026-02-25 00:00:00', '2026-02-26 00:00:00', 'Import Auto', 'En attente', '2026-01-15 00:12:03'),
(20026, 251, '2026-03-11 00:00:00', '2026-03-12 00:00:00', 'Import Auto', 'En attente', '2026-01-15 00:12:03'),
(20027, 251, '2026-03-18 00:00:00', '2026-03-19 00:00:00', 'Import Auto', 'En attente', '2026-01-15 00:12:03'),
(20028, 251, '2026-03-25 00:00:00', '2026-03-26 00:00:00', 'Import Auto', 'En attente', '2026-01-15 00:12:03'),
(20029, 251, '2026-04-01 00:00:00', '2026-04-02 00:00:00', 'Import Auto', 'En attente', '2026-01-15 00:12:03'),
(20030, 251, '2026-04-15 00:00:00', '2026-04-16 00:00:00', 'Import Auto', 'En attente', '2026-01-15 00:12:03'),
(20031, 251, '2026-04-22 00:00:00', '2026-04-23 00:00:00', 'Import Auto', 'En attente', '2026-01-15 00:12:03'),
(20032, 251, '2026-05-20 00:00:00', '2026-05-21 00:00:00', 'Import Auto', 'En attente', '2026-01-15 00:12:03'),
(20033, 251, '2026-06-03 00:00:00', '2026-06-04 00:00:00', 'Import Auto', 'En attente', '2026-01-15 00:12:03'),
(20034, 251, '2026-06-10 00:00:00', '2026-06-11 00:00:00', 'Import Auto', 'En attente', '2026-01-15 00:12:03'),
(20035, 34, '2026-01-19 00:00:00', '2026-01-23 00:00:00', 'Import Auto', 'En attente', '2026-01-15 00:12:03'),
(20036, 34, '2026-01-26 00:00:00', '2026-01-30 00:00:00', 'Import Auto', 'En attente', '2026-01-15 00:12:03'),
(20037, 300, '2026-02-16 00:00:00', '2026-02-21 00:00:00', 'Import Auto', 'En attente', '2026-01-15 00:12:03'),
(20038, 300, '2026-05-04 00:00:00', '2026-05-07 00:00:00', 'Import Auto', 'En attente', '2026-01-15 00:12:03'),
(20039, 300, '2026-08-10 00:00:00', '2026-08-14 00:00:00', 'Import Auto', 'En attente', '2026-01-15 00:12:03'),
(20040, 300, '2026-10-12 00:00:00', '2026-10-24 00:00:00', 'Import Auto', 'En attente', '2026-01-15 00:12:03'),
(20041, 105, '2026-05-04 00:00:00', '2026-05-18 00:00:00', 'Import Auto', 'En attente', '2026-01-15 00:12:03'),
(20042, 156, '2026-05-04 00:00:00', '2026-05-27 00:00:00', 'Import Auto', 'En attente', '2026-01-15 00:12:03'),
(20043, 178, '2026-05-02 00:00:00', '2026-05-09 00:00:00', 'Import Auto', 'En attente', '2026-01-15 00:12:03'),
(20044, 206, '2026-02-06 00:00:00', '2026-02-07 00:00:00', 'Import Auto', 'En attente', '2026-01-15 00:12:03'),
(20045, 206, '2026-02-13 00:00:00', '2026-02-13 00:00:00', 'Import Auto', 'En attente', '2026-01-15 00:12:03'),
(20046, 111, '2026-02-27 00:00:00', '2026-02-27 00:00:00', 'Import Auto', 'En attente', '2026-01-15 00:12:03'),
(20047, 111, '2026-03-02 00:00:00', '2026-03-15 00:00:00', 'Import Auto', 'En attente', '2026-01-15 00:12:03'),
(20048, 111, '2026-03-16 00:00:00', '2026-03-16 00:00:00', 'Import Auto', 'En attente', '2026-01-15 00:12:03'),
(20049, 139, '2026-07-20 00:00:00', '2026-08-08 00:00:00', 'Import Auto', 'En attente', '2026-01-15 00:12:03'),
(20050, 265, '2026-02-11 00:00:00', '2026-02-13 00:00:00', 'Import Auto', 'En attente', '2026-01-15 00:12:03'),
(20051, 16, '2026-02-24 00:00:00', '2026-02-24 00:00:00', 'Import Auto', 'En attente', '2026-01-15 00:12:03'),
(20052, 16, '2026-04-07 00:00:00', '2026-04-07 00:00:00', 'Import Auto', 'En attente', '2026-01-15 00:12:03'),
(20053, 80, '2026-04-30 00:00:00', '2026-05-23 00:00:00', 'Import Auto', 'En attente', '2026-01-15 00:12:03'),
(20054, 302, '2026-05-07 00:00:00', '2026-05-07 00:00:00', 'Import Auto', 'En attente', '2026-01-15 00:12:03'),
(20055, 302, '2026-05-09 00:00:00', '2026-05-09 00:00:00', 'Import Auto', 'En attente', '2026-01-15 00:12:03'),
(20056, 302, '2026-05-11 00:00:00', '2026-05-15 00:00:00', 'Import Auto', 'En attente', '2026-01-15 00:12:03'),
(20057, 302, '2026-05-16 00:00:00', '2026-05-16 00:00:00', 'Import Auto', 'En attente', '2026-01-15 00:12:03'),
(20058, 175, '2026-07-06 00:00:00', '2026-07-25 00:00:00', 'Import Auto', 'En attente', '2026-01-15 00:12:03'),
(20059, 175, '2026-07-27 00:00:00', '2026-07-27 00:00:00', 'Import Auto', 'En attente', '2026-01-15 00:12:03'),
(20060, 91, '2026-06-29 00:00:00', '2026-08-01 00:00:00', 'Import Auto', 'En attente', '2026-01-15 00:12:03'),
(20061, 211, '2026-01-29 00:00:00', '2026-01-30 00:00:00', 'Import Auto', 'En attente', '2026-01-15 00:12:03'),
(20062, 211, '2026-01-31 00:00:00', '2026-01-31 00:00:00', 'Import Auto', 'En attente', '2026-01-15 00:12:03'),
(20063, 215, '2026-07-09 00:00:00', '2026-07-11 00:00:00', 'Import Auto', 'En attente', '2026-01-15 00:12:03'),
(20064, 215, '2026-07-13 00:00:00', '2026-07-13 00:00:00', 'Import Auto', 'En attente', '2026-01-15 00:12:03'),
(20065, 215, '2026-07-15 00:00:00', '2026-07-18 00:00:00', 'Import Auto', 'En attente', '2026-01-15 00:12:03'),
(20066, 2, '2026-04-03 00:00:00', '2026-04-07 00:00:00', 'Import Auto', 'En attente', '2026-01-15 00:12:03'),
(20067, 99, '2026-02-02 00:00:00', '2026-02-07 00:00:00', 'Import Auto', 'En attente', '2026-01-15 00:12:03'),
(20068, 99, '2026-03-28 00:00:00', '2026-04-04 00:00:00', 'Import Auto', 'En attente', '2026-01-15 00:12:03'),
(20069, 205, '2026-05-04 00:00:00', '2026-05-05 00:00:00', 'Import Auto', 'En attente', '2026-01-15 00:12:03'),
(20070, 205, '2026-08-10 00:00:00', '2026-08-17 00:00:00', 'Import Auto', 'En attente', '2026-01-15 00:12:03'),
(20071, 46, '2026-03-02 00:00:00', '2026-03-16 00:00:00', 'Import Auto', 'En attente', '2026-01-15 00:12:03'),
(20072, 189, '2026-01-19 00:00:00', '2026-02-01 00:00:00', 'Import Auto', 'En attente', '2026-01-15 00:12:03'),
(20073, 189, '2026-07-27 00:00:00', '2026-08-03 00:00:00', 'Import Auto', 'En attente', '2026-01-15 00:12:03'),
(20074, 274, '2026-01-17 00:00:00', '2026-01-17 00:00:00', 'Import Auto', 'En attente', '2026-01-15 00:12:03'),
(20075, 274, '2026-01-26 00:00:00', '2026-01-31 00:00:00', 'Import Auto', 'En attente', '2026-01-15 00:12:03'),
(20076, 274, '2026-07-20 00:00:00', '2026-07-31 00:00:00', 'Import Auto', 'En attente', '2026-01-15 00:12:03'),
(20077, 274, '2026-08-01 00:00:00', '2026-08-01 00:00:00', 'Import Auto', 'En attente', '2026-01-15 00:12:03'),
(20078, 274, '2026-08-03 00:00:00', '2026-08-08 00:00:00', 'Import Auto', 'En attente', '2026-01-15 00:12:03'),
(20079, 140, '2026-08-24 00:00:00', '2026-08-30 00:00:00', 'Import Auto', 'En attente', '2026-01-15 00:12:03'),
(20080, 140, '2026-09-21 00:00:00', '2026-09-27 00:00:00', 'Import Auto', 'En attente', '2026-01-15 00:12:03'),
(20081, 140, '2026-10-26 00:00:00', '2026-11-01 00:00:00', 'Import Auto', 'En attente', '2026-01-15 00:12:03'),
(20082, 140, '2026-11-23 00:00:00', '2026-11-29 00:00:00', 'Import Auto', 'En attente', '2026-01-15 00:12:03'),
(20083, 140, '2026-12-14 00:00:00', '2026-12-20 00:00:00', 'Import Auto', 'En attente', '2026-01-15 00:12:03'),
(20084, 221, '2026-01-19 00:00:00', '2026-01-20 00:00:00', 'Import Auto', 'En attente', '2026-01-15 00:12:03'),
(20085, 221, '2026-03-02 00:00:00', '2026-03-03 00:00:00', 'Import Auto', 'En attente', '2026-01-15 00:12:03'),
(20086, 221, '2026-05-11 00:00:00', '2026-05-13 00:00:00', 'Import Auto', 'En attente', '2026-01-15 00:12:03'),
(20087, 221, '2026-07-13 00:00:00', '2026-07-13 00:00:00', 'Import Auto', 'En attente', '2026-01-15 00:12:03'),
(20088, 221, '2026-07-20 00:00:00', '2026-07-21 00:00:00', 'Import Auto', 'En attente', '2026-01-15 00:12:03'),
(20089, 221, '2026-07-27 00:00:00', '2026-07-28 00:00:00', 'Import Auto', 'En attente', '2026-01-15 00:12:03'),
(20090, 221, '2026-08-03 00:00:00', '2026-08-04 00:00:00', 'Import Auto', 'En attente', '2026-01-15 00:12:03'),
(20091, 221, '2026-08-10 00:00:00', '2026-08-11 00:00:00', 'Import Auto', 'En attente', '2026-01-15 00:12:03'),
(20092, 93, '2026-01-19 00:00:00', '2026-01-25 00:00:00', 'Import Auto', 'En attente', '2026-01-15 00:12:03'),
(20093, 93, '2026-03-09 00:00:00', '2026-03-22 00:00:00', 'Import Auto', 'En attente', '2026-01-15 00:12:03'),
(20094, 93, '2026-08-03 00:00:00', '2026-08-16 00:00:00', 'Import Auto', 'En attente', '2026-01-15 00:12:03'),
(20095, 93, '2026-12-21 00:00:00', '2026-12-27 00:00:00', 'Import Auto', 'En attente', '2026-01-15 00:12:03'),
(20096, 93, '2026-12-28 00:00:00', '2026-12-31 00:00:00', 'Import Auto', 'En attente', '2026-01-15 00:12:03'),
(20097, 202, '2026-01-26 00:00:00', '2026-01-26 00:00:00', 'Import Auto', 'En attente', '2026-01-15 00:12:03'),
(20098, 202, '2026-03-09 00:00:00', '2026-03-09 00:00:00', 'Import Auto', 'En attente', '2026-01-15 00:12:03'),
(20099, 202, '2026-03-10 00:00:00', '2026-03-23 00:00:00', 'Import Auto', 'En attente', '2026-01-15 00:12:03'),
(20100, 102, '2026-03-02 00:00:00', '2026-03-15 00:00:00', 'Import Auto', 'En attente', '2026-01-15 00:12:03'),
(20101, 201, '2026-03-02 00:00:00', '2026-03-07 00:00:00', 'Import Auto', 'En attente', '2026-01-15 00:12:03'),
(20102, 201, '2026-03-23 00:00:00', '2026-04-04 00:00:00', 'Import Auto', 'En attente', '2026-01-15 00:12:03'),
(20103, 201, '2026-05-18 00:00:00', '2026-05-23 00:00:00', 'Import Auto', 'En attente', '2026-01-15 00:12:03'),
(20104, 201, '2026-06-22 00:00:00', '2026-06-26 00:00:00', 'Import Auto', 'En attente', '2026-01-15 00:12:03'),
(20105, 201, '2026-06-27 00:00:00', '2026-06-27 00:00:00', 'Import Auto', 'En attente', '2026-01-15 00:12:03'),
(20106, 299, '2026-04-28 00:00:00', '2026-05-16 00:00:00', 'Import Auto', 'En attente', '2026-01-15 00:12:03'),
(20107, 299, '2026-10-12 00:00:00', '2026-10-24 00:00:00', 'Import Auto', 'En attente', '2026-01-15 00:12:03'),
(20108, 299, '2026-12-21 00:00:00', '2026-12-26 00:00:00', 'Import Auto', 'En attente', '2026-01-15 00:12:03'),
(20109, 171, '2026-01-26 00:00:00', '2026-01-31 00:00:00', 'Import Auto', 'En attente', '2026-01-15 00:12:03'),
(20110, 171, '2026-03-23 00:00:00', '2026-03-29 00:00:00', 'Import Auto', 'En attente', '2026-01-15 00:12:03'),
(20111, 171, '2026-07-13 00:00:00', '2026-07-19 00:00:00', 'Import Auto', 'En attente', '2026-01-15 00:12:03'),
(20112, 171, '2026-09-23 00:00:00', '2026-09-27 00:00:00', 'Import Auto', 'En attente', '2026-01-15 00:12:03'),
(20113, 171, '2026-09-28 00:00:00', '2026-09-28 00:00:00', 'Import Auto', 'En attente', '2026-01-15 00:12:03'),
(20114, 171, '2026-11-16 00:00:00', '2026-11-22 00:00:00', 'Import Auto', 'En attente', '2026-01-15 00:12:03');

-- --------------------------------------------------------

--
-- Structure de la table `employes`
--

CREATE TABLE `employes` (
  `id_employe` int NOT NULL,
  `matricule` varchar(20) COLLATE utf8mb4_unicode_ci NOT NULL,
  `nom` varchar(100) COLLATE utf8mb4_unicode_ci NOT NULL,
  `prenom` varchar(100) COLLATE utf8mb4_unicode_ci NOT NULL,
  `email` varchar(255) COLLATE utf8mb4_unicode_ci DEFAULT NULL,
  `mot_de_passe` varchar(255) COLLATE utf8mb4_unicode_ci DEFAULT NULL,
  `role` varchar(20) COLLATE utf8mb4_unicode_ci DEFAULT 'Employé',
  `actif` tinyint(1) DEFAULT '1',
  `two_fa_secret` varchar(255) COLLATE utf8mb4_unicode_ci DEFAULT NULL
) ENGINE=InnoDB DEFAULT CHARSET=utf8mb4 COLLATE=utf8mb4_unicode_ci;

--
-- Déchargement des données de la table `employes`
--

INSERT INTO `employes` (`id_employe`, `matricule`, `nom`, `prenom`, `email`, `mot_de_passe`, `role`, `actif`, `two_fa_secret`) VALUES
(1, '1957', 'BANOR', 'ADELINE', '', '1957', 'Employé', 1, ''),
(2, '847', 'ETHEVE', 'AGNES', '', '847', 'Employé', 1, ''),
(3, '1983', 'JAVEGNY', 'ALAN', '', '1983', 'Employé', 1, ''),
(4, '1991', 'BALAGOUROU', 'ALEXANDRA', '', '1991', 'Employé', 1, ''),
(5, '1343', 'GOULAMOUSSENE', 'ALEXANDRE', '', '1343', 'Employé', 1, ''),
(6, '1422', 'GEORGET', 'ALEXANDRE', '', '1422', 'Employé', 1, ''),
(7, '1876', 'MOREL', 'ALEXIA MARIE AGNES', '', '1876', 'Employé', 1, ''),
(8, '1985', 'TECHER', 'ALICIA', '', '1985', 'Employé', 1, ''),
(9, '1357', 'ORANGE', 'AMELIE', '', '1357', 'Employé', 1, ''),
(10, '1369', 'MAILLOT', 'AMELIE', '', '1369', 'Employé', 1, ''),
(11, '1488', 'ITEMA', 'ANAIS', '', '1488', 'Employé', 1, ''),
(12, '1230', 'RIVIERE', 'ANNAELLE', '', '1230', 'Employé', 1, ''),
(13, '2000', 'CANNANE', 'ANNDJALY', '', '2000', 'Employé', 1, ''),
(14, '1623', 'FONTAINE', 'ANNE LAURE', '', '1623', 'Employé', 1, ''),
(15, '1904', 'JOCHEM', 'ANNE LAURE', '', '1904', 'Employé', 1, ''),
(16, '509', 'VITRY', 'ANNIE CLAUDE', '', '509', 'Employé', 1, ''),
(17, '1462', 'DIJOUX', 'ANTHONY', '', '1462', 'Employé', 1, ''),
(18, '1322', 'IRSAPOULLE', 'ARMAND', '', '1322', 'Employé', 1, ''),
(19, '2031', 'RAMAROSOA', 'ASHLEY AMANDA', '', '2031', 'Employé', 1, ''),
(20, '1138', 'HUDSON', 'AUDREY', '', '1138', 'Employé', 1, ''),
(21, '1917', 'STEUNOU', 'AUDREY', '', '1917', 'Employé', 1, ''),
(22, '1980', 'GESSET', 'AURELIE', '', '1980', 'Employé', 1, ''),
(23, '1080', 'LEBEAU', 'BENEDICTE', '', '1080', 'Employé', 1, ''),
(24, '1041', 'BELLEMENE', 'BENJAMIN', '', '1041', 'Employé', 1, ''),
(25, '1206', 'DIJOUX', 'BENJAMIN', '', '1206', 'Employé', 1, ''),
(26, '1901', 'BELIZAIRE', 'BENJAMIN', '', '1901', 'Employé', 1, ''),
(27, '2014', 'SERVAIS', 'BENJAMIN', '', '2014', 'Employé', 1, ''),
(28, '1908', 'FERRERE', 'BENJAMIN FRANCOIS', '', '1908', 'Employé', 1, ''),
(29, '2015', 'LAFOSSE', 'BENJANI', '', '2015', 'Employé', 1, ''),
(30, '400', 'TROJNAR', 'BENOIT', '', '400', 'Employé', 1, ''),
(31, '1103', 'FERRERE', 'BENOIT', '', '1103', 'Employé', 1, ''),
(32, '2', 'FUTOL', 'BERNARD', '', '2', 'Employé', 1, ''),
(33, '1895', 'LAURET', 'BERNICE', '', '1895', 'Employé', 1, ''),
(34, '2034', 'GIRONCEL', 'BORIS', '', '2034', 'Employé', 1, ''),
(35, '1599', 'SOUTHON', 'BRICE', '', '1599', 'Employé', 1, ''),
(36, '1248', 'FONTAINE', 'BRUNO JACKY', '', '1248', 'Employé', 1, ''),
(37, '1971', 'SAINT AGNAN', 'BRYAN', '', '1971', 'Employé', 1, ''),
(38, '1856', 'SALEZ', 'BYAEL', '', '1856', 'Employé', 1, ''),
(39, '1899', 'LEBON', 'CANDICE', '', '1899', 'Employé', 1, ''),
(40, '1963', 'LECAILLIEZ', 'CARINE', '', '1963', 'Employé', 1, ''),
(41, '515', 'CHASSAN', 'CARLY', '', '515', 'Employé', 1, ''),
(42, '2009', 'ALLEE', 'CAROLE', '', '2009', 'Employé', 1, ''),
(43, '889', 'MANOUVEL SAVRIMOUTOU', 'CATHERINE', '', '889', 'Employé', 1, ''),
(44, '1806', 'KUCZER', 'CECILE', '', '1806', 'Employé', 1, ''),
(45, '1404', 'CARINY', 'CEDRIC', '', '1404', 'Employé', 1, ''),
(46, '858', 'HOARAU', 'CEDRIC JOHAN', '', '858', 'Employé', 1, ''),
(47, '1349', 'HILLAIRET', 'CELIANE', '', '1349', 'Employé', 1, ''),
(48, '1999', 'CHEVALIER', 'CHARLES', '', '1999', 'Employé', 1, ''),
(49, '1836', 'BERTIN', 'CHAYNE', '', '1836', 'Employé', 1, ''),
(50, '1967', 'ALISON', 'CHLOE', '', '1967', 'Employé', 1, ''),
(51, '1333', 'SEVERIN', 'CHRISTOPHE', '', '1333', 'Employé', 1, ''),
(52, '1144', 'BOYER', 'CINDY', '', '1144', 'Employé', 1, ''),
(53, '1477', 'PAYET', 'CLARA', '', '1477', 'Employé', 1, ''),
(54, '1841', 'MARA', 'CLIYAN NOEL', '', '1841', 'Employé', 1, ''),
(55, '2023', 'HALLET', 'CLOTHILDE', '', '2023', 'Employé', 1, ''),
(56, '1946', 'GLEDEL', 'CORENTIN', '', '1946', 'Employé', 1, ''),
(57, '1949', 'MARTY', 'CYRIL', '', '1949', 'Employé', 1, ''),
(58, '1358', 'CABADET', 'CYRILLE', '', '1358', 'Employé', 1, ''),
(59, '1224', 'HOARAU', 'DAMIEN', '', '1224', 'Employé', 1, ''),
(60, '1887', 'MALET', 'DAMIEN', '', '1887', 'Employé', 1, ''),
(61, '45', 'FERRERE', 'DANIEL', '', '45', 'Employé', 1, ''),
(62, '1347', 'TECHER', 'DANIEL', '', '1347', 'Employé', 1, ''),
(63, '1579', 'MOREAU', 'DANY', '', '1579', 'Employé', 1, ''),
(64, '527', 'HOARAU', 'DANY JEAN LUC', '', '527', 'Employé', 1, ''),
(65, '1157', 'GILAS', 'DAVY', '', '1157', 'Employé', 1, ''),
(66, '1221', 'CHANE KAYE BONE', 'DIDIER', '', '1221', 'Employé', 1, ''),
(67, '1195', 'MAILLOT', 'DIMITRI', '', '1195', 'Employé', 1, ''),
(68, '2022', 'DUBUS', 'DORIAN', '', '2022', 'Employé', 1, ''),
(69, '2033', 'VALIN', 'DORIAN', '', '2033', 'Employé', 1, ''),
(70, '1515', 'BEGUE', 'DYLAN', '', '1515', 'Employé', 1, ''),
(71, '1681', 'GONTHIER', 'DYLAN', '', '1681', 'Employé', 1, ''),
(72, '1788', 'TECHER', 'DYLAN JEAN', '', '1788', 'Employé', 1, ''),
(73, '853', 'FUTOL', 'EDDY', '', '853', 'Employé', 1, ''),
(74, '1132', 'LE ROY', 'ELISA', '', '1132', 'Employé', 1, ''),
(75, '1003', 'CHABOT', 'ELODIE', '', '1003', 'Employé', 1, ''),
(76, '1935', 'RACINE', 'ELORIE', '', '1935', 'Employé', 1, ''),
(77, '1790', 'CADET', 'EMILIE', '', '1790', 'Employé', 1, ''),
(78, '1582', 'PICARD', 'EMMANUEL', '', '1582', 'Employé', 1, ''),
(79, '1038', 'HOAREAU', 'EMMANUEL DANY', '', '1038', 'Employé', 1, ''),
(80, '512', 'RIVIERE', 'EMMANUEL HIPPOL', '', '512', 'Employé', 1, ''),
(81, '1733', 'PAPOU', 'EMMANUEL QUENTIN', '', '1733', 'Employé', 1, ''),
(82, '1468', 'FOS', 'EMMANUELLE', '', '1468', 'Employé', 1, ''),
(83, '1451', 'SAMARIA', 'ERIC', '', '1451', 'Employé', 1, ''),
(84, '1229', 'PLUMETY', 'ERIC JEAN DANIEL', '', '1229', 'Employé', 1, ''),
(85, '1948', 'GAUCHE', 'EVAN', '', '1948', 'Employé', 1, ''),
(86, '1869', 'CLAIN', 'EVE LAURE', '', '1869', 'Employé', 1, ''),
(87, '1988', 'BROUDIC', 'EWAN', '', '1988', 'Employé', 1, ''),
(88, '1943', 'NAGAMA NALLAMA', 'FABIEN JEAN ALAIN', '', '1943', 'Employé', 1, ''),
(89, '116', 'SUZANNE', 'FABRICE', '', '116', 'Employé', 1, ''),
(90, '1907', 'RENE', 'FABRICE', '', '1907', 'Employé', 1, ''),
(91, '523', 'VIGNE', 'FARIDE', '', '523', 'Manager', 1, ''),
(92, '1048', 'POUDROUX', 'FELIX', '', '1048', 'Employé', 1, ''),
(93, '901', 'HONORINE', 'FLORELLE', '', '901', 'Employé', 1, ''),
(94, '1951', 'HOARAU', 'FLORENCE', '', '1951', 'Employé', 1, ''),
(95, '1970', 'GRONDIN', 'FLORENT', '', '1970', 'Employé', 1, ''),
(96, '504', 'POIRIER', 'FRANCK', '', '504', 'Employé', 1, ''),
(97, '1611', 'MARA', 'FRANCK', '', '1611', 'Employé', 1, ''),
(98, '807', 'HOARAU', 'FRANCK ANTOINE', '', '807', 'Employé', 1, ''),
(99, '850', 'LE GUEN', 'FRANCOIS PAUL B', '', '850', 'Employé', 1, ''),
(100, '1364', 'BERNARD', 'FRED', '', '1364', 'Employé', 1, ''),
(101, '1498', 'LALLEMAND', 'FREDDY', '', '1498', 'Employé', 1, ''),
(102, '906', 'ROSALIE', 'FREDERIC', '', '906', 'Employé', 1, ''),
(103, '1089', 'TURPIN', 'FREDERIC', '', '1089', 'Employé', 1, ''),
(104, '1319', 'ABSALON', 'FREDERIC', '', '1319', 'Employé', 1, ''),
(105, '224', 'BRABANT', 'FREDERIC JEAN', '', '224', 'Employé', 1, ''),
(106, '1194', 'DAMOUR', 'GASTON JULIEN', '', '1194', 'Employé', 1, ''),
(107, '823', 'LAMOLY', 'GAUTHIER', '', '823', 'Employé', 1, ''),
(108, '2011', 'DELAUNAY', 'GAYLORD', '', '2011', 'Employé', 1, ''),
(109, '1332', 'SELLY', 'GERMAIN', '', '1332', 'Employé', 1, ''),
(110, '1659', 'HOARAU', 'GILBERT', '', '1659', 'Employé', 1, ''),
(111, '41', 'FONTAINE', 'GILLES', '', '41', 'Employé', 1, ''),
(112, '1664', 'IVARA', 'GREGORY', '', '1664', 'Employé', 1, ''),
(113, '1254', 'OGNARD', 'GUILLAUME', '', '1254', 'Employé', 1, ''),
(114, '1578', 'MOREAU', 'GUY NOEL', '', '1578', 'Employé', 1, ''),
(115, '1286', 'BARRET', 'HENRI', '', '1286', 'Employé', 1, ''),
(116, '922', 'CUVELIER', 'HERBERT', '', '922', 'Employé', 1, ''),
(117, '1125', 'PAYET', 'HUBERT', '', '1125', 'Employé', 1, ''),
(118, '1756', 'BEGUE', 'HUGO', '', '1756', 'Employé', 1, ''),
(119, '1216', 'ISSOP', 'IDRISS', '', '1216', 'Employé', 1, ''),
(120, '1236', 'BERFEUIL', 'IVAN', '', '1236', 'Employé', 1, ''),
(121, '1510', 'ROBERT', 'JASMINE', '', '1510', 'Employé', 1, ''),
(122, '178', 'MUSSARD', 'JEAN ALAIN', '', '178', 'Employé', 1, ''),
(123, '1601', 'GRONDIN', 'JEAN ALAIN', '', '1601', 'Employé', 1, ''),
(124, '12', 'KELAVAN', 'JEAN ALEX', '', '12', 'Employé', 1, ''),
(125, '228', 'LEBEAU', 'JEAN DENIS', '', '228', 'Employé', 1, ''),
(126, '1037', 'PALIOD', 'JEAN EDDY', '', '1037', 'Employé', 1, ''),
(127, '2010', 'HOAREAU', 'JEAN EDDY', '', '2010', 'Employé', 1, ''),
(128, '1197', 'PATON', 'JEAN ERIC', '', '1197', 'Employé', 1, ''),
(129, '2018', 'HUBERT', 'JEAN ERIC', '', '2018', 'Employé', 1, ''),
(130, '1499', 'RENAUD', 'JEAN FRANCOIS', '', '1499', 'Employé', 1, ''),
(131, '821', 'PHOCION', 'JEAN GERALD', '', '821', 'Employé', 1, ''),
(132, '36', 'FERRERE', 'JEAN JACQUES', '', '36', 'Employé', 1, ''),
(133, '1173', 'BENARD', 'JEAN JACQUES', '', '1173', 'Employé', 1, ''),
(134, '48', 'METRO', 'JEAN LAURENT', '', '48', 'Employé', 1, ''),
(135, '501', 'DARTY', 'JEAN LAURENT', '', '501', 'Employé', 1, ''),
(136, '1746', 'LEBRETON', 'JEAN MAEL', '', '1746', 'Employé', 1, ''),
(137, '1117', 'DOUANIER', 'JEAN MAX', '', '1117', 'Employé', 1, ''),
(138, '1595', 'MAILLOT', 'JEAN MAXIMIN', '', '1595', 'Employé', 1, ''),
(139, '502', 'FONTAINE', 'JEAN NICOLAS', '', '502', 'Employé', 1, ''),
(140, '881', 'FIDJI', 'JEAN PAUL', '', '881', 'Employé', 1, ''),
(141, '1398', 'MARAPA', 'JEAN THEDE', '', '1398', 'Employé', 1, ''),
(142, '230', 'BATAILLE', 'JEAN YVES', '', '230', 'Employé', 1, ''),
(143, '156', 'BOYER', 'JEAN-MARIE', '', '156', 'Employé', 1, ''),
(144, '1192', 'EGATA PATCHE', 'JEANNICK', '', '1192', 'Employé', 1, ''),
(145, '2036', 'VEILLOT', 'JENNIFER', '', '2036', 'Employé', 1, ''),
(146, '1881', 'ESNAULT AIMAR', 'JEREMY', '', '1881', 'Employé', 1, ''),
(147, '2032', 'LE ROY', 'JESSIM', '', '2032', 'Employé', 1, ''),
(148, '2028', 'DIJOUX', 'JOE', '', '2028', 'Employé', 1, ''),
(149, '1258', 'TECHER', 'JOEL', '', '1258', 'Employé', 1, ''),
(150, '1170', 'FONTAINE', 'JOHAN', '', '1170', 'Employé', 1, ''),
(151, '1017', 'BLARD', 'JOHAN STEPHANE', '', '1017', 'Employé', 1, ''),
(152, '923', 'CHARLETTE', 'JOHANN', '', '923', 'Employé', 1, ''),
(153, '1589', 'LIONI', 'JOHANNA', '', '1589', 'Employé', 1, ''),
(154, '1930', 'DELGARD', 'JOHN DOUGLAS', '', '1930', 'Employé', 1, ''),
(155, '231', 'AURE', 'JOHNNY', '', '231', 'Employé', 1, ''),
(156, '24', 'HOAREAU', 'JOHNY', '', '24', 'Employé', 1, ''),
(157, '1305', 'PAYET', 'JOHNY', '', '1305', 'Employé', 1, ''),
(158, '1642', 'HOAREAU', 'JONATHAN', '', '1642', 'Employé', 1, ''),
(159, '112', 'LEBEAU', 'JOSEPH ALAIN', '', '112', 'Employé', 1, '4D4TG6367C5F4CXP'),
(160, '1288', 'PAYET', 'JOSEPH FREDI', '', '1288', 'Employé', 1, ''),
(161, '1536', 'PAYET', 'JOSHUA', '', '1536', 'Employé', 1, ''),
(162, '1244', 'MERLO', 'JOSUE', '', '1244', 'Employé', 1, ''),
(163, '1309', 'BLARD', 'JULES', '', '1309', 'Employé', 1, ''),
(164, '1992', 'BERTY', 'JULIE', '', '1992', 'Employé', 1, ''),
(165, '2017', 'DARENCOURT', 'JULIE', '', '2017', 'Employé', 1, ''),
(166, '1701', 'DEQUELSON', 'JULIEN', '', '1701', 'Employé', 1, ''),
(167, '1847', 'GRONDIN', 'JULIEN', '', '1847', 'Employé', 1, ''),
(168, '1934', 'DUCHEMANN', 'JULIEN', '', '1934', 'Employé', 1, ''),
(169, '1937', 'LALLEMAND', 'JULIEN', '', '1937', 'Employé', 1, ''),
(170, '1295', 'SANGLA FAITG', 'KATALYN', '', '1295', 'Employé', 1, ''),
(171, '994', 'METRO', 'LAETITIA', '', '994', 'Employé', 1, ''),
(172, '1722', 'GONNEAU', 'LAETITIA', '', '1722', 'Employé', 1, ''),
(173, '1964', 'MOUNICHY', 'LAETITIA', '', '1964', 'Employé', 1, ''),
(174, '1977', 'BOISSINOT', 'LAURA', '', '1977', 'Employé', 1, ''),
(175, '522', 'POUDROUX', 'LAURENCE CLAIRE', '', '522', 'Employé', 1, ''),
(176, '1795', 'NATIVEL', 'LAURENT', '', '1795', 'Employé', 1, ''),
(177, '1994', 'ROBERT', 'LAURENT', '', '1994', 'Employé', 1, ''),
(178, '30', 'ZETTOR', 'LAURENT FREDERI', '', '30', 'Employé', 1, ''),
(179, '1976', 'DIJOUX', 'LAURENZA', '', '1976', 'Employé', 1, ''),
(180, '800', 'MARLAT', 'LINDA SYLVIE MA', '', '800', 'Employé', 1, ''),
(181, '1251', 'LEBON', 'LIONEL', '', '1251', 'Employé', 1, ''),
(182, '1837', 'PAYET', 'LISA', '', '1837', 'Employé', 1, ''),
(183, '1059', 'SELEM SIANGOVI', 'LOIC', '', '1059', 'Employé', 1, ''),
(184, '1219', 'BONMALAIS', 'LOIC', '', '1219', 'Employé', 1, ''),
(185, '1834', 'MARIE JEANNE', 'LOIC', '', '1834', 'Employé', 1, ''),
(186, '1823', 'SATRE', 'LOUIS', '', '1823', 'Employé', 1, ''),
(187, '1261', 'DIJOUX', 'LOUIS MARIE', '', '1261', 'Employé', 1, ''),
(188, '1160', 'ROPAULD', 'LUCIANO', '', '1160', 'Employé', 1, ''),
(189, '879', 'BOYER', 'LUDO', '', '879', 'Employé', 1, ''),
(190, '1622', 'MINATCHY', 'MAEL', '', '1622', 'Employé', 1, ''),
(191, '1925', 'TARRIE', 'MAEVA LAURIE', '', '1925', 'Employé', 1, ''),
(192, '1743', 'BESNARD', 'MAGALI', '', '1743', 'Employé', 1, ''),
(193, '1966', 'RICO', 'MAGALI', '', '1966', 'Employé', 1, ''),
(194, '2021', 'CICHY', 'MANEL', '', '2021', 'Employé', 1, ''),
(195, '1538', 'PAYET', 'MANUELA', '', '1538', 'Employé', 1, ''),
(196, '1973', 'RAMAYE', 'MANUELLA', '', '1973', 'Employé', 1, ''),
(197, '702', 'DA SILVA', 'MARIA', '', '702', 'Employé', 1, ''),
(198, '1898', 'CORBASSON', 'MARIE', '', '1898', 'Employé', 1, ''),
(199, '1228', 'DESILES', 'MARIE ANYSSA', '', '1228', 'Employé', 1, ''),
(200, '2026', 'LEGROS', 'MARIE AUDREY', '', '2026', 'Employé', 1, ''),
(201, '956', 'RENE', 'MARIE AURELIE', '', '956', 'Employé', 1, ''),
(202, '904', 'GASP', 'MARIE CELINE', '', '904', 'Employé', 1, ''),
(203, '1987', 'DUCHEMANN', 'MARIE CINDY', '', '1987', 'Employé', 1, ''),
(204, '1318', 'LOUISE', 'MARIE CLARISSE', '', '1318', 'Employé', 1, ''),
(205, '855', 'ARTERO', 'MARIE DOMINIQUE', '', '855', 'Employé', 1, ''),
(206, '32', 'BAZALINE', 'MARIE ELISABETH', '', '32', 'Employé', 1, ''),
(207, '1993', 'DARY', 'MARIE LAETITIA', '', '1993', 'Employé', 1, ''),
(208, '2013', 'LEAR', 'MARIE LEILA', '', '2013', 'Employé', 1, ''),
(209, '2016', 'DEVEAU', 'MARIE LOU', '', '2016', 'Employé', 1, ''),
(210, '1717', 'LAMARQUE', 'MARIE MANUELLA', '', '1717', 'Employé', 1, ''),
(211, '809', 'BATONNET', 'MARIE MICKAELLE', '', '809', 'Employé', 1, ''),
(212, '1900', 'URBATRO', 'MARIE ORIANE', '', '1900', 'Employé', 1, ''),
(213, '1541', 'JARLOT', 'MARIE PIERRE CECILE', '', '1541', 'Employé', 1, ''),
(214, '1232', 'SORRES', 'MARIE VITAL', '', '1232', 'Employé', 1, ''),
(215, '819', 'POTIN', 'MARIE VIVIENNE', '', '819', 'Employé', 1, ''),
(216, '1888', 'AGUSTI', 'MARION', '', '1888', 'Employé', 1, ''),
(217, '1945', 'REBOULE', 'MATHIAS', '', '1945', 'Employé', 1, ''),
(218, '1361', 'FILO', 'MATHIEU', '', '1361', 'Employé', 1, ''),
(219, '1644', 'PRIOR', 'MATHILDE', '', '1644', 'Employé', 1, ''),
(220, '1998', 'BOYER', 'MATTHIAS', '', '1998', 'Employé', 1, ''),
(221, '893', 'LECHAT', 'MATTHIEU', '', '893', 'Employé', 1, ''),
(222, '1843', 'MAILLOT', 'MAURICE', '', '1843', 'Employé', 1, ''),
(223, '1506', 'ALZI', 'MAX-DONAVAN', '', '1506', 'Employé', 1, ''),
(224, '1143', 'GRONDIN', 'MAXIME', '', '1143', 'Employé', 1, ''),
(225, '1208', 'GRONDIN', 'MAXO', '', '1208', 'Employé', 1, ''),
(226, '1453', 'DELIRON', 'MICKAEL', '', '1453', 'Employé', 1, ''),
(227, '1259', 'ATIAMA', 'MORGUEN', '', '1259', 'Employé', 1, ''),
(228, '838', 'SUZANNE', 'MURIELLE', '', '838', 'Employé', 1, ''),
(229, '1936', 'TOUSSAINT', 'NAIM FREDERIC', '', '1936', 'Employé', 1, ''),
(230, '521', 'RIVIERE', 'NATHALIE', '', '521', 'Employé', 1, ''),
(231, '943', 'PILLONS', 'NICOLAS', '', '943', 'Employé', 1, ''),
(232, '1433', 'FOLIO', 'NICOLAS', '', '1433', 'Employé', 1, ''),
(233, '1791', 'PAYET', 'NICOLAS', '', '1791', 'Employé', 1, ''),
(234, '1880', 'SABABADY', 'NICOLAS', '', '1880', 'Employé', 1, ''),
(235, '1982', 'METRO', 'NICOLAS', '', '1982', 'Employé', 1, ''),
(236, '2006', 'FONTAINE', 'NICOLAS', '', '2006', 'Employé', 1, ''),
(237, '2007', 'BRUN', 'NICOLAS', '', '2007', 'Employé', 1, ''),
(238, '1372', 'NARBE', 'NIKO', '', '1372', 'Employé', 1, ''),
(239, '1489', 'RIVIERE', 'NOAH', '', '1489', 'Employé', 1, ''),
(240, '2002', 'ABELARD', 'NOELIE', '', '2002', 'Employé', 1, ''),
(241, '1984', 'REBOUL', 'NOHA', '', '1984', 'Employé', 1, ''),
(242, '1211', 'LAVOGEZ', 'ORIANE', '', '1211', 'Employé', 1, ''),
(243, '1772', 'BABAS', 'PABLO JEAN FREDDY', '', '1772', 'Employé', 1, ''),
(244, '1075', 'DAMOUR', 'PASCAL', '', '1075', 'Employé', 1, ''),
(245, '1207', 'FARANE', 'PASCAL', '', '1207', 'Employé', 1, ''),
(246, '1178', 'BOISVILLIERS', 'PATRICE', '', '1178', 'Employé', 1, ''),
(247, '1129', 'TAOCHY', 'PATRICK', '', '1129', 'Employé', 1, ''),
(248, '1968', 'DEVEAU', 'PAULINE', '', '1968', 'Employé', 1, ''),
(249, '816', 'ROBERT', 'PHILIPPE', '', '816', 'Employé', 1, ''),
(250, '1377', 'RIVIERE', 'PRISCILLA', '', '1377', 'Employé', 1, ''),
(251, '2024', 'IDMONT', 'PRUNELIA', '', '2024', 'Employé', 1, ''),
(252, '1913', 'MOREL', 'QUENTIN', '', '1913', 'Employé', 1, ''),
(253, '1965', 'SINGAINY MOUTIAPIN', 'RAISSA', '', '1965', 'Employé', 1, ''),
(254, '227', 'BAPTISTO', 'RAYMOND ANACLET', '', '227', 'Employé', 1, ''),
(255, '1857', 'BEILLONET', 'REMI', '', '1857', 'Employé', 1, ''),
(256, '1852', 'BEDACHE', 'ROBERTO', '', '1852', 'Employé', 1, ''),
(257, '1940', 'GRONDIN', 'ROMAIN', '', '1940', 'Employé', 1, ''),
(258, '1512', 'HOARAU', 'ROMAIN STEVEN', '', '1512', 'Employé', 1, ''),
(259, '1537', 'GRONDIN', 'SABINE', '', '1537', 'Employé', 1, ''),
(260, '1066', 'PAGESSE', 'SABRINA', '', '1066', 'Employé', 1, ''),
(261, 'smatrp', 'salnom', 'salpre', '', 'smatrp', 'Employé', 1, ''),
(262, '951', 'RIVIERE', 'SAMUEL', '', '951', 'Employé', 1, ''),
(263, '1187', 'MERLO', 'SAMUEL', '', '1187', 'Employé', 1, ''),
(264, '1830', 'LIVENAIS', 'SANDRA', '', '1830', 'Employé', 1, ''),
(265, '503', 'FOUGEROUX', 'SANDRINE CAROLE', '', '503', 'Employé', 1, ''),
(266, '2001', 'NIANG', 'SARAH', '', '2001', 'Employé', 1, ''),
(267, '1683', 'HEBERT', 'SEBASTIEN', '', '1683', 'Employé', 1, ''),
(268, '1822', 'DENIS', 'SEBASTIEN', '', '1822', 'Employé', 1, ''),
(269, '1896', 'LEBON', 'SEBASTIEN', '', '1896', 'Employé', 1, ''),
(270, '1995', 'DEMERY', 'SEBASTIEN', '', '1995', 'Employé', 1, ''),
(271, '2030', 'MARTI', 'SERGE', '', '2030', 'Employé', 1, ''),
(272, '1775', 'LEFEUVRE', 'SIDONIE', '', '1775', 'Employé', 1, ''),
(273, '810', 'MARDE', 'SINDA', '', '810', 'Employé', 1, ''),
(274, '880', 'FONTAINE', 'SONIA', '', '880', 'Employé', 1, ''),
(275, '1260', 'DENDANE', 'SOPHIA', '', '1260', 'Employé', 1, ''),
(276, '1140', 'RIVIERE', 'SOPHIE', '', '1140', 'Employé', 1, ''),
(277, '1176', 'AVRIL', 'STEPHANE', '', '1176', 'Employé', 1, ''),
(278, '1265', 'ROBERT', 'STEPHANE', '', '1265', 'Employé', 1, ''),
(279, '1645', 'AOUNALLAH', 'STEVEN', '', '1645', 'Employé', 1, ''),
(280, '1608', 'LAURET', 'SULLY', '', '1608', 'Employé', 1, ''),
(281, '1072', 'DEGARD', 'SYBILLE', '', '1072', 'Employé', 1, ''),
(282, '1914', 'TOLAR', 'SYLVERE JEAN KEVIN', '', '1914', 'Employé', 1, ''),
(283, '1243', 'LEBON', 'SYLVIE', '', '1243', 'Employé', 1, ''),
(284, '1246', 'RIVIERE', 'SYLVIE', '', '1246', 'Employé', 1, ''),
(285, '1897', 'JESSU', 'THEO', '', '1897', 'Employé', 1, ''),
(286, '932', 'FERRERE', 'THIERRY', '', '932', 'Employé', 1, ''),
(287, '1974', 'LIZEKNE', 'THOMAS', '', '1974', 'Employé', 1, ''),
(288, '1864', 'CORRE', 'TOM', '', '1864', 'Employé', 1, ''),
(289, '1616', 'GANIMEDE', 'TONY', '', '1616', 'Employé', 1, ''),
(290, '2020', 'BEZANDRY', 'TRISTAN DJEIGINOT', '', '2020', 'Employé', 1, ''),
(291, '139', 'LEGROS', 'VALERIE', '', '139', 'Employé', 1, ''),
(292, '1583', 'HERVIER', 'VALERIE', '', '1583', 'Employé', 1, ''),
(293, '1056', 'SENICA', 'VINCENT', '', '1056', 'Employé', 1, ''),
(294, '1702', 'GOMES', 'VINCENT', '', '1702', 'Employé', 1, ''),
(295, '1787', 'KELLER', 'VINCENT', '', '1787', 'Employé', 1, ''),
(296, '1892', 'GIGANT TETARD', 'WARREN', '', '1892', 'Employé', 1, ''),
(297, '1958', 'ELLY', 'WELVYN', '', '1958', 'Employé', 1, ''),
(298, '1909', 'TURPIN', 'WILLIAM', '', '1909', 'Employé', 1, ''),
(299, '970', 'HOARAU', 'WILLIAM DANIEL', '', '970', 'Manager', 1, ''),
(300, '223', 'NATIVEL', 'WILLY', '', '223', 'Employé', 1, ''),
(301, '1816', 'BEDEAU', 'WILLY', '', '1816', 'Employé', 1, ''),
(302, '514', 'CHEVALIER', 'WILLY J FRANCOI', '', '514', 'Employé', 1, ''),
(303, '854', 'LABONNE', 'WILLY SERGE', '', '854', 'Employé', 1, ''),
(304, '1697', 'HOARAU', 'WILSON JOSEPH XAVIER', '', '1697', 'Employé', 1, ''),
(305, '1711', 'GRENIER', 'YANIS', '', '1711', 'Employé', 1, ''),
(306, '1393', 'FERRERE', 'YANN', '', '1393', 'Employé', 1, ''),
(307, '2035', 'BOLON', 'YANNICK ANDRE', '', '2035', 'Employé', 1, ''),
(308, '2003', 'NAZE', 'YOAN', '', '2003', 'Employé', 1, ''),
(309, '1001', 'BELLEMENE', 'YOANN', '', '1001', 'Employé', 1, ''),
(310, '1672', 'GASTELLIER', 'YOANN GERARD', '', '1672', 'Employé', 1, '');

-- --------------------------------------------------------

--
-- Structure de la table `reservations`
--

CREATE TABLE `reservations` (
  `id_reservation` int NOT NULL,
  `id_employe` int NOT NULL,
  `date_demande` datetime DEFAULT CURRENT_TIMESTAMP,
  `id_vehicule` int NOT NULL,
  `date_debut_resa` datetime NOT NULL,
  `date_fin_resa` datetime NOT NULL,
  `km_debut` int DEFAULT NULL,
  `date_depart_reel` datetime DEFAULT NULL,
  `km_fin` int DEFAULT NULL,
  `date_retour_reel` datetime DEFAULT NULL,
  `commentaire_retour` varchar(500) COLLATE utf8mb4_unicode_ci DEFAULT NULL,
  `motif` varchar(255) COLLATE utf8mb4_unicode_ci DEFAULT NULL,
  `statut_resa` varchar(20) COLLATE utf8mb4_unicode_ci DEFAULT 'Confirmée',
  `destination` text COLLATE utf8mb4_unicode_ci,
  `commentaire_depart` text COLLATE utf8mb4_unicode_ci,
  `commentaire_restitution` text COLLATE utf8mb4_unicode_ci
) ENGINE=InnoDB DEFAULT CHARSET=utf8mb4 COLLATE=utf8mb4_unicode_ci;

-- --------------------------------------------------------

--
-- Structure de la table `vehicules`
--

CREATE TABLE `vehicules` (
  `id_vehicule` int NOT NULL,
  `immatriculation` varchar(20) COLLATE utf8mb4_unicode_ci NOT NULL,
  `marque` varchar(50) COLLATE utf8mb4_unicode_ci NOT NULL,
  `modele` varchar(50) COLLATE utf8mb4_unicode_ci NOT NULL,
  `type_carburant` varchar(20) COLLATE utf8mb4_unicode_ci DEFAULT NULL,
  `est_communal` tinyint(1) DEFAULT '1',
  `actif` tinyint(1) NOT NULL DEFAULT '1',
  `kilometrage` int DEFAULT '0'
) ENGINE=InnoDB DEFAULT CHARSET=utf8mb4 COLLATE=utf8mb4_unicode_ci;

--
-- Déchargement des données de la table `vehicules`
--

INSERT INTO `vehicules` (`id_vehicule`, `immatriculation`, `marque`, `modele`, `type_carburant`, `est_communal`, `actif`, `kilometrage`) VALUES
(1, 'FA-427-KL', 'PEUGEOT', '208', 'Gasoil', 0, 1, 0),
(2, 'FL-725-MV', 'PEUGEOT', '2008', 'Gasoil', 0, 1, 0),
(3, 'FL-373-NE', 'PEUGEOT', '5008', 'Gasoil', 0, 1, 0),
(4, 'FH-426-WE', 'PEUGEOT', ' PARTNER HDI', 'Gasoil', 0, 1, 0),
(5, 'FM-096-VH', 'PEUGEOT', '208 HDI', 'Gasoil', 0, 1, 0),
(6, 'FD-393-JV', 'PEUGEOT', '208 HDI', 'Gasoil', 0, 1, 0),
(7, 'DR-535-BK', 'PEUGEOT', '208 HDI', 'Gasoil', 0, 1, 0),
(8, 'EF-824-ZZ', 'CITROEN', 'BERLINGO', 'Gasoil', 0, 1, 0),
(9, 'EA-742-AL', 'PEUGEOT', 'BOXER', 'Gasoil', 0, 1, 0),
(10, 'FP-172-WL', 'PEUGEOT', 'BOXER', 'Gasoil', 0, 1, 0),
(12, 'FA-428-KL', 'PEUGEOT', 'BOXER', 'Gasoil', 0, 1, 0),
(13, 'EQ-513-WN', 'PEUGEOT', 'BOXER', 'Gasoil', 0, 1, 0),
(14, 'EQ-617-WN', 'PEUGEOT', 'BOXER', 'Gasoil', 0, 1, 0),
(15, 'GA-238-TZ', 'PEUGEOT', 'BOXER ', 'Gasoil', 0, 1, 0),
(16, 'EA-750-AL', 'PEUGEOT', 'BOXER ', 'Gasoil', 0, 1, 0),
(17, 'FZ-830-HC', 'PEUGEOT', 'BOXER FOURGON ', 'ADBLUE', 0, 1, 0),
(18, 'FH-182-LP', 'PEUGEOT', 'BOXER P', 'Gasoil', 0, 1, 0),
(19, 'FZ-619-HZ', 'PEUGEOT', 'BOXER PLATEAU', 'Gasoil', 0, 1, 0),
(20, 'EF-307-ZZ', 'CITROEN', 'C4', 'Gasoil', 0, 1, 0),
(21, 'EG-512-DK', 'WOLKSWAGEN', 'Caddy', NULL, 0, 1, 0),
(22, 'EV-159-HA', 'CITROEN', 'BERLINGO', 'Gasoil', 0, 1, 0),
(23, 'FL-420-RB', 'DACIA', 'DUSTER', 'Gasoil', 0, 1, 0),
(24, 'EJ-265-VX', 'DACIA', 'DUSTER', 'Gasoil', 0, 1, 0),
(25, 'DZ-079-YZ', 'DACIA', 'DUSTER', 'Gasoil', 0, 1, 0),
(26, 'DZ-362-YZ', 'DACIA', 'DUSTER', 'Gasoil', 0, 1, 0),
(27, 'EB-616-GT', 'DACIA', 'DUSTER', 'Gasoil', 0, 1, 0),
(28, 'FZ-170-HD', '', 'EXPERT ', 'Gasoil', 0, 1, 0),
(29, 'GA-190-TZ', 'PEUGEOT', 'EXPERT ', 'Gasoil', 0, 1, 0),
(30, 'GA-244-TZ', 'PEUGEOT', 'EXPERT ', 'Gasoil', 0, 1, 0),
(31, 'FH-467-MB', 'PEUGEOT', 'EXPERT HDI', 'Gasoil', 0, 1, 0),
(32, 'EJ-454-JN', 'PEUGEOT', 'EXPERT HDI', 'Gasoil', 0, 1, 0),
(33, 'FD-308-JZ', 'PEUGEOT', 'EXPERT HDI', 'Gasoil', 0, 1, 0),
(34, 'EQ-111-SR', 'TOYOTA', 'HILUX', 'Gasoil', 0, 1, 0),
(35, 'FC-292-LS', 'IVECO', '', 'Gasoil', 0, 1, 0),
(36, 'FB-332-VR', 'IVECO', '', 'ADBLUE', 0, 1, 0),
(37, 'FB-337-ZN', 'IVECO', '', 'ADBLUE', 0, 1, 0),
(38, 'FY-191-VD', 'IVECO', '', 'ADBLUE', 0, 1, 0),
(39, 'GB-159-VJ', 'IVECO', '', 'Gasoil', 0, 1, 0),
(40, 'FG-418-SB', '', 'MAN', '(vide)', 0, 1, 0),
(41, 'FK-056-QN', 'RENAULT', 'Master', 'Gasoil', 0, 1, 0),
(42, 'EH-092-NR', 'RENAULT', 'MASTER', 'Gasoil', 0, 1, 0),
(43, 'EA-154-HK', 'MERCEDES', '', '(vide)', 0, 1, 0),
(44, 'EQ-776-VT', '', 'MITSU L200', 'Gasoil', 0, 1, 0),
(45, 'DV-394-VQ', 'OPEL', 'NEW VITO', 'Gasoil', 0, 1, 0),
(46, 'FA-424-ZW', 'NISAN', 'FOURGON', 'Gasoil', 0, 1, 0),
(47, 'GS-744-WR', 'OPEL', 'MOKKA', 'Gasoil', 0, 1, 0),
(48, 'GS-586-NM', 'OPEL', 'MOKKA', 'Gasoil', 0, 1, 0),
(49, 'GS-664-WJ', 'OPEL', 'MOKKA', 'Gasoil', 0, 1, 0),
(50, 'GN-103-CS', 'PEUGEOT', 'PARTNER ', 'Gasoil', 0, 1, 0),
(51, 'FZ-575-HC', 'PEUGEOT', 'PARTNER ', 'Gasoil', 0, 1, 0),
(52, 'FZ-190-HD', 'PEUGEOT', 'PARTNER ', 'Gasoil', 0, 1, 0),
(53, 'GT-737-AT', 'PEUGEOT', 'PARTNER ', 'Gasoil', 0, 1, 0),
(54, 'FZ-332-HC', 'PEUGEOT', 'PARTNER ', 'Gasoil', 0, 1, 0),
(55, 'GN-387-CS', 'PEUGEOT', 'PARTNER ', 'Gasoil', 0, 1, 0),
(56, 'FZ-132-HD', 'PEUGEOT', 'PARTNER ', 'Gasoil', 0, 1, 0),
(57, 'FZ-574-HC', 'PEUGEOT', 'PARTNER ', 'Gasoil', 0, 1, 0),
(58, 'GN-578-CS', 'PEUGEOT', 'PARTNER ', 'Gasoil', 0, 1, 0),
(59, 'GN-685-CS', 'PEUGEOT', 'PARTNER ', 'Gasoil', 0, 1, 0),
(60, 'GN-780-CS', 'PEUGEOT', 'PARTNER ', 'Gasoil', 0, 1, 0),
(61, 'FZ-877-HC', 'PEUGEOT', 'PARTNER  HDI', 'Gasoil', 0, 1, 0),
(62, 'FZ-731-JC', 'PEUGEOT', 'PARTNER  HDI', 'Gasoil', 0, 1, 0),
(63, 'FM-482-VS', 'PEUGEOT', 'PARTNER HDI', 'Gasoil', 0, 1, 0),
(64, 'FM-568-VS', 'PEUGEOT', 'PARTNER HDI', 'Gasoil', 0, 1, 0),
(65, 'EQ-259-WN', 'PEUGEOT', 'PARTNER HDI', 'Gasoil', 0, 1, 0),
(66, 'EQ-466-WN', 'PEUGEOT', 'PARTNER HDI', 'Gasoil', 0, 1, 0),
(67, 'DJ-888-QQ', 'PEUGEOT', 'PARTNER HDI', 'Gasoil', 0, 1, 0),
(68, 'FH-726-MB', 'PEUGEOT', 'PARTNER HDI', 'Gasoil', 0, 1, 0),
(69, 'FH-683-MB', 'PEUGEOT', 'PARTNER HDI', 'Gasoil', 0, 1, 0),
(70, 'FM-715-VR', 'PEUGEOT', 'PARTNER HDI', 'Gasoil', 0, 1, 0),
(71, 'EJ-818-JN', 'PEUGEOT', 'PARTNER HDI', 'Gasoil', 0, 1, 0),
(72, 'FM-656-VR', 'PEUGEOT', 'PARTNER HDI', 'Gasoil', 0, 1, 0),
(73, 'EJ-797-JN', 'PEUGEOT', 'PARTNER HDI', 'Gasoil', 0, 1, 0),
(74, 'GR-570-HG', 'PEUGEOT', 'EXPERT', 'Gasoil', 0, 1, 0),
(75, 'GR-442-HH', 'PEUGEOT', 'EXPERT', 'Gasoil', 0, 1, 0),
(76, 'EX-139-YL', 'NISSAN', 'QASHQUAI', 'Gasoil', 0, 1, 0),
(80, 'FD-424-KN', 'RENAULT ', '', 'ADBLUE', 0, 1, 0),
(81, 'GQ-110-SK', 'RENAULT', 'CAPTUR HYB', 'Hybride', 0, 1, 0),
(82, 'DK-888-PZ', 'RENAULT ', 'CLIO', 'Gasoil', 0, 1, 0),
(83, 'FV-607-CR', 'RENAULT ', 'FRIGO', 'ADBLUE', 0, 1, 0),
(84, 'FT-207-AV', 'RENAULT ', 'FRIGO', 'ADBLUE', 0, 1, 0),
(85, 'FT-854-BP', 'RENAULT ', 'FRIGO', 'ADBLUE', 0, 1, 0),
(86, 'DP-273-SF', 'RENAULT ', 'KANGOO', 'Gasoil', 0, 1, 0),
(87, 'CZ-041-WW', 'RENAULT ', 'KANGOO', 'Gasoil', 0, 1, 0),
(88, 'DP-561-BH', 'RENAULT ', 'MASTER', 'Gasoil', 0, 1, 0),
(89, 'GA-814-WD', 'RENAULT ', 'TRAFFIC', 'Gasoil', 0, 1, 0),
(90, 'EE-885-FY', 'MERCEDES', 'SPRINTER', 'Gasoil', 0, 1, 0),
(99, 'EH-869-BQ', 'VOLKSWAGEN', 'CRAFTER', 'Gasoil', 0, 1, 0);

--
-- Index pour les tables déchargées
--

--
-- Index pour la table `affectations_fixes`
--
ALTER TABLE `affectations_fixes`
  ADD PRIMARY KEY (`id_affectation`),
  ADD KEY `id_employe` (`id_employe`),
  ADD KEY `id_vehicule` (`id_vehicule`);

--
-- Index pour la table `conges`
--
ALTER TABLE `conges`
  ADD PRIMARY KEY (`id_conge`),
  ADD KEY `id_date` (`id_conge`,`date_debut`,`date_fin`);

--
-- Index pour la table `reservations`
--
ALTER TABLE `reservations`
  ADD PRIMARY KEY (`id_reservation`);

--
-- Index pour la table `vehicules`
--
ALTER TABLE `vehicules`
  ADD PRIMARY KEY (`id_vehicule`);

--
-- AUTO_INCREMENT pour les tables déchargées
--

--
-- AUTO_INCREMENT pour la table `affectations_fixes`
--
ALTER TABLE `affectations_fixes`
  MODIFY `id_affectation` int NOT NULL AUTO_INCREMENT;

--
-- AUTO_INCREMENT pour la table `conges`
--
ALTER TABLE `conges`
  MODIFY `id_conge` int NOT NULL AUTO_INCREMENT, AUTO_INCREMENT=20115;

--
-- AUTO_INCREMENT pour la table `reservations`
--
ALTER TABLE `reservations`
  MODIFY `id_reservation` int NOT NULL AUTO_INCREMENT, AUTO_INCREMENT=27;

--
-- AUTO_INCREMENT pour la table `vehicules`
--
ALTER TABLE `vehicules`
  MODIFY `id_vehicule` int NOT NULL AUTO_INCREMENT, AUTO_INCREMENT=100;
COMMIT;

/*!40101 SET CHARACTER_SET_CLIENT=@OLD_CHARACTER_SET_CLIENT */;
/*!40101 SET CHARACTER_SET_RESULTS=@OLD_CHARACTER_SET_RESULTS */;
/*!40101 SET COLLATION_CONNECTION=@OLD_COLLATION_CONNECTION */;
